internal_id_number,name,income_tax_number,entity_reg_number,client_type,vat_reg_number,vat_category,month_end,last_day,email,cell_number,contact_person,contact_person_cell,registered_address,is_active,is_sa_resident,first_financial_year
C0006,HELLAS EASY FOOD TRADING CC,9890066153,2008/235842/23,Close Corporation,4950253197,B,2,28,oceanpotc@gmail.com,0662016273Spiro,,,"26 Borcherds Street
PotchefstroomPotchefstroom
North West
South Africa
2531",1,1,2009
C0039,MJ MOLUTSI BUS SERVICES CC,9090326175,2007/222714/23,Close Corporation,,,2,28,cynthia.kt500@gmail.com,0738302312or072,,,,0,1,2008
C0042,ELIADES VENDING INDUSTRY CC,9147027404,1999/015955/23,Close Corporation,,,2,28,kyriacos@eliadesgroup.com,828842544,,,"169 JAC VAN RHYN AVENUE
UNIVERSITASBLOEMFONTEIN
FREE STATE
South Africa
9301",1,1,2000
C0043,KYRIACOS AMUSEMENT CC,9158014408,1998/062058/23,Close Corporation,,,2,28,kyriacos@eliadesgroup.com,828842544,,,"169 JAC VAN RHYN AVENUE
UNIVERSITASBLOEMFONTEIN
FREE STATE
South Africa
9301",1,1,1999
C0046,MJ MOLUTSI FUNERAL SERVICES CC,9672355154,2008/122540/23,Close Corporation,,,2,28,cynthia.kt500@gmail.com,0738302312or072,,,,0,1,2009
C0047,JOCY TOMBSTONE MANUFACTURERS CC,9042717190,2008/148250/23,Close Corporation,,,2,28,cynthia.kt500@gmail.com,0738302312or072,,,,0,1,2009
C0088,SIGHTS AND SOUND MULTI-MEDIA CC,9032011802,1997/003189/23,Close Corporation,4510239355,,2,28,asavvas@mweb.co.za,,,,"SHOP 39
MATADOR CENTRE
62 STRAND STREET
CAPE TOWN
WESTERN CAPE
RSA
8000",0,1,
C0092,VENGIES ENTERTAINMENT CC,9446709157,2003/105306/23,Close Corporation,4770212399,C,2,28,evan@megadial.com,828003482,,,"36 Market Street
VryburgVryburg
North West
South Africa
8601",1,1,2004
C0093,LAUBECOL BUILDING CC,9474002061,1997/020127/23,Close Corporation,4660166176,B,2,28,evan@megadial.com,,,,"36 MARKET STREET
VRUBURGVRUBURG
NORTH WEST
South Africa
8601",1,1,1998
C0094,VANS BELEGGINGS CC,9200002864,1988/017273/23,Close Corporation,,,6,30,evan@megadial.com,,,,"36 Market Street
VryburgVryburg
North West
South Africa
8601",1,1,1988
C0095,JUST FIVE PROPERTY INVESTMENTS CC,9507876150,2006/220844/23,Close Corporation,,,2,28,evan@megadial.com,825248370,,,"36 MARKET STREET
VRYBURGVRYBURG
NORTH WEST
South Africa
8601",1,1,2007
C0096,COSGI PROPERTY INVESTMENTS CC,9039005427,1997/020020/23,Close Corporation,4810165193,B,2,28,maria@ieint.com,,,,"257 KOPPIE ALLEEN ROAD
REITZ PARKWELKOM
FREE STATE
South Africa
9459",1,1,1998
C0097,J S W ENGINEERING CC,9316474155,2003/088755/23,Close Corporation,,,2,28,peter@jsengineering.co.za,0832601585peter,,,"56 TILE ROAD
BOKSBURG NORTHBOKSBURG
GAUTENG
South Africa
1459",0,1,2004
C0098,D S D TRADING CC,9153322848,1994/027211/23,Close Corporation,,,2,28,milos@sumar.za.net,636169235,,,"14 TANA ROAD
SUNNINGHILL PARKJOHANNESBURG
GAUTENG
South Africa
2157",0,1,1995
C0099,ANG-JO-TAM FARMING CC,9276151173,2007/234589/23,Close Corporation,,,2,28,ledmatlec@gmail.com,,,,"8 Buffalo StreetAllanridge
Free State
South Africa
9490",1,1,2008
C0100,BEST PROSPECTS 141 CC,9226730159,2004/044799/23,Close Corporation,,,2,28,ariva@yebo.co.za,,,,"ELIZABETH STRAAT 5 COMPLEX
WELKOMWELKOM
FREE STATE
South Africa
9459",1,1,2005
C0101,KQ KNITWEAR CC,9161758165,2007/197843/23,Close Corporation,,,8,31,ariva@yebo.co.za,832848111,,,"10 NYM STREET  BEDELIA
BEDELIAWELKOM
FREE STATE
South Africa
9459",1,1,2008
C0102,BONAKELE TRADING ENTERPRISE CC,9431124172,2008/193088/23,Close Corporation,,,2,28,bonakeletrading@gmail.com,603743313,,,"Building 18 EX Welkom Mine Workshop
Mealiebult FarmWelkom
Free State
South Africa
9459",0,1,2009
C0103,SNAP SHOT INVESTMENTS 1043 CC,9831022646,1998/066546/23,Close Corporation,4230272231,A,2,28,accounts@bossa.co.za,,,,"8 Flambeau Street
CourtraiPaarl
Western Cape
South Africa
7646",1,1,1999
C0104,THE GOLDEN GOOSE CATERING AND CAKE DECORATING CC,9099510159,2003/002165/23,Close Corporation,,,2,28,rgmaimane@goldengoosecc.co.za,836316948,,,,1,1,2003
C0105,BLUE DOT PROPERTIES 1032 CC,9179096640,1999/003006/23,Close Corporation,,,2,28,info@bossa.co.za,833574508,,,"Parkstraat 9Durbanville
Western Cape
South Africa
7550",1,1,
CY0001,SKYPLAY HOLDINGS LIMITED,,HE378914,Foreign Company,,,12,31,penny@playbet.co.za,0824656233VALER,,,"95 ARCHBISHOP MAKARIOS III AVENUE
MEGARON CHARITINI
OFFICE 102
NICOSIA
CYPRUS
Cyprus
1071",1,0,
CY0002,NITIDUS MEDIA LIMITED,,HE397305,Foreign Company,,,12,31,jeff.ellis@jellismedia.co.za,826890473,,,"95 ARCHBISHOP MAKARIOS III AVENUE
MEGARON CHARITINI
OFFICE 102
NICOSIA
CYPRUS
Cyprus
1071",0,1,
N0007,LONG STREET ASSOCIATION NPO,,266-616 NPO,Non Profit Organisation,,,2,28,Carlob@themaverickgroup.co.za,834587212,,,"211 Long streetCape Town
Western Cape
South Africa
7441",1,1,
NPC0002,FLAIR SOUTH AFRICA,9184016245,2019/017674/08,Non Profit Company,,,2,28,ronel@bizarmour.co.za,798843207,,,"022 HOWTH ROAD
RANGEVIEWKRUGERSDORP
GAUTENG
South Africa
1739",0,1,
NPC0003,JOHNNY ELIADES FOUNDATION NPC NPO,9989189171,2020/113797/08,Non Profit Company,,,2,28,johnny@ieint.com,836254725,,,"IE Business Center 2nd Floor
Cnr of Buiten Street and StatewayWelkom
Free State
South Africa
9459",1,1,2020
NPC0004,PROFOUND MINISTRIES NPC,9061097276,2020/705378/08,Non Profit Company,,,2,28,gdnnferreira@gmail.com,,,,,0,1,2021
NPC0005,3 - 39 KOK STREET NPC,,2023/660514/08,Non Profit Company,,,2,28,maria@ieint.com,836254725,,,"IE BUSINESS CENTER 2ND FLOOR
CNR OF BUITEN STREET AND STATEWAYWELKOM
FREE STATE
South Africa
9459",1,1,2024
NPC0006,THE WELL ON LONG STREET NPC,9766076195,2024/195793/08,Non Profit Company,,,2,28,Carlob@themaverickgroup.co.za,825797503,,,"211 LONG STREET
CAPE TOWNCAPE TOWN
WESTERN CAPE
South Africa
8001",1,1,2025
NPC0007,HAPPYHEALTHYHUMAN NPC,9199522252,2021/589005/08,Non Profit Company,4190306375,A,2,28,xoli@happyhealthyhuman.org.za,,,,"UNIT 8
2 SCHOOL ROADUMHLALI
KWA-ZULU NATAL
South Africa
4390",1,1,2022
NPCJ001,TOEKOMSVONK NPC,9715029170,2017/408421/08,Non Profit Company,,,2,28,helga@toekomsvonk.co.za,,,,"858 - 24TH AVENUE
RIETFONTEINPRETORIA
GAUTENG
RSA
84",0,1,
O0001,JS ENGINEERING (PTY) LTD,9230681836,2019/498648/07,Private Company,4360107157,,2,28,chantel@jsengineering.co.za,824470194,,,"54 Tile Road
Boksburg NorthBoksburg
Gauteng
South Africa
1459",0,1,
O0003,SYSTEMICLOGIC TECHNOLOGIES (PTY)LTD RESIGNED,,2012/164442/07,Private Company,4230285191,,2,28,vasha@systemiclogic.com,,,,"24 PETER PLACE
LYME PARKBRYANSTON
GAUTENG
South Africa
2191",0,1,
O0004,BRACKENGATE SUPERMARKET CC,,1999/044111/23,Close Corporation,,,2,28,brackengatesuperspar@gmail.com,824512602,,,"87 HOLZGEN STREET
BRACKENHURSTALBERTON
GAUTENG
South Africa
1448",0,1,
O0005,BRACKENDOWNS LIQUOR STORE (PTY) LTD,9101273259,2018/561282/07,Private Company,,,2,28,brackengatesuperspar@gmail.com,824512602,,,"57 ANDRIES ROAD
BRACKENDOWNSALBERTON
GAUTENG
South Africa
1454",0,1,
O0013,KUDU BUSH SOUTH AFRICA  PTY LTD,9389232175,2012/116817/07,Private Company,4740262763,,2,28,roshniec@romadortechnologies.co.za,828541971,,,"39 Adriana Crescent  Gateway Business Park
Gateway Business Park
Rooihuiskraal
Centurion
Gauteng
South Africa
154",0,1,2013
O0016,LEBO WINDERS (PTY) LTD,9313486152,2004/017167/07,Private Company,4250224666,,2,28,sales@lebowinders.co.za,0825530904Ria,,,"11 13TH STREET
VOORSPOED EASTWELKOM
FREE STATE
South Africa
9459",0,1,
O0019,BRACKENGATE INVESTMENTS CC,9089002845,1986/004354/23,Close Corporation,,,2,28,brackengatesuperspar@gmail.com,824512602,,,,0,1,
O0020,NCSD (PTY) LTD,9831541165,2017/100018/07,Private Company,4050302746,,2,28,johan@elektrasa.co.za,832749100,,,"N020 HIBISCUS STREET
KURUMANKURUMAN
NORTHERN CAPE
South Africa
8420",0,1,2018
O0029,MAPONYA GAMING NW (PTY) LTD,,2022/538624/07,Private Company,,,2,28,mamolewa@maponyainvestments.co.za,,,,"Mega City Shopping Centre
Cnr. Sekame Rd & Dr James Moroka Drive
Mmabatho
Mafikeng
North West
South Africa
2735",1,1,2023
O0030,MAWETSE GAMING (PTY) LTD,9710670184,2022/538876/07,Private Company,,,2,28,mamolewa@maponyainvestments.co.za,833397008,,,"Mega City Shopping Centre
Cnr. Sekame Rd & Dr James Moroka Drive
Mmabatho
Mafikeng
North West
South Africa
2735",1,1,2023
O0031,MAPONYA GAMING MANAGEMENT (PTY) LTD,9724615183,2022/539010/07,Private Company,,,2,28,mamolewa@maponyainvestments.co.za,833397008,,,"Mega City Shopping Centre
Cnr. Sekame Rd & Dr James Moroka Drive
Mmabatho
Mafikeng
North West
South Africa
2735",1,1,2023
O0032,MICON PLANT AND CONSTRUCTION (PTY) LTD,9914127155,2017/181164/07,Private Company,4030292223,,2,28,admin@micongroup.co.za,790910141,,,"42 FUSCHIA CRESCENT
JIM FOUCHPARKWELKOM
FREE STATE
South Africa
9459",0,1,2018
O0034,GANHANDOR (PTY) LTD,9056815294,2023/748284/07,Private Company,,,2,28,rudistrydom50@gmail.com,,,,"20 HOLTZHAUSEN STREET
POTCHEFSTROOMPOTCHEFSTROOM
NORTH WEST
South Africa
2531",0,1,2024
O0037,AFRICA INFRASTRUCTURE DEVELOPMENT HOLDINGS (PTY) LTD,,2023/603966/07,Private Company,,,2,28,alwyn48@yahoo.com,,,,"23 CLIFFENDALE VILLAS
464 WISTERIA AVENUE
FAERIE GLEN
PRETORIA
GAUTENG
South Africa
43",0,1,2024
O0039,RAINBOW INFRASTRUCTURE DEVELOPMENT  HOLDINGS (PTY) LTD,,2023/604193/07,Private Company,,,2,28,alwyn48@yahoo.com,844043839,,,"23 CLIFFENDALE VILLAS
464 WISTERIA AVENUE FAERIE GLEN X73
FAERIE GLEN X73
PRETORIA
GAUTENG
South Africa
43",0,1,2024
O0040,AIDH CONSTRUCTION (PTY) LTD,9533670205,2023/816878/07,Private Company,,,2,28,alwyn48@yahoo.com,844043839,,,,0,1,
O0042,FFS BUSINESS PLANNING (PTY) LTD,9272593246,2021/347920/07,Private Company,,,2,28,accounts@bossa.co.za,834124000,,,"16 BROWNLOW ROAD
TAMBOERSKLOOFCAPE TOWN
WESTERN CAPE
South Africa
8001",0,1,
O0043,GOLF SLOTS (PTY) LTD,9608267200,2023/130192/07,Private Company,,,2,28,poenabotha3@gmail.com,736897670,,,"2 OOS STREETLEEUDORINGSTAD
NORTH WEST
South Africa
2460",0,1,2024
O0044,BETSHACK NORTH WEST (PTY LTD,9413014227,2022/830415/07,Private Company,4320308598,,2,28,erin@betshack.co.za,,,,"Shop No 37B
Station Road
Taung Station
Taung
North West
South Africa
8584",0,1,2023
O0048,BONELMA (PTY) LTD,9482235224,2024/109029/07,Private Company,,,2,28,ruduistavern96@gmail.com,630092783,,,"12076 EXT 12
KANANAORKNEY
NORTH WEST
South Africa
2619",0,1,
O0050,KHOLIZO TRUST,,IT000373/2022(B),Trust,,,2,28,mwkholi@mweb.co.za,836572062,,,"547 PLOVER PLACE WEST
CEDAR LAKES  ESTATE
BISHOPS FIELD
FOURWAYS
GAUTENG
South Africa
2191",0,1,
O0051,HUZK (PTY) LTD,9782097183,2021/552582/07,Private Company,,,2,28,mwkholi@mweb.co.za,836572062,,,"PLOVER PLACE
FOURWAYS
CEDAR LKAES ESTATE
JOHANNESBURG
GAUTENG
South Africa
2191",1,1,2022
O0053,SUCCESSNO2 (PTY) LTD,9055200308,2024/266023/07,Private Company,,,2,28,thabangmbelwane@icloud.com,844224114,,,"1 OOSTHUIZEN AVENUE
COLLERVILLEKLERKSDORP
NORTH WEST
South Africa
2571",0,1,2025
O0054,CHELSEA MOUSE HOLDINGS (PTY) LTD,9001611343,2023/163980/07,Private Company,,,2,28,mark@farrelly.co.za,834124000,,,16 BROWNLOW ROAD  TAMBOERSKLOOF    CAPE TOWN  WESTERN CAPE  South Africa  8001,0,1,2024
O0055,BETA TRUST ADMIN (PTY) LTD,,2012/031628/07,Private Company,,,2,28,,,,,"36 Lucas Steyn Street
HeuwelsigBloemfontein
Free State
South Africa
9332",0,1,
P0001,IE EMPOWERMENT (PTY) LTD,9043670141,2002/006712/07,Private Company,4750203277,B,2,28,maria@ieint.com,784606208,,,"IE Business Center  2nd Floor
Cnr of Buiten Street & StatewayWelkom
Free State
South Africa
9459",1,1,2003
P0002,RIZAS PROPERTIES (PTY) LTD,9150064427,1979/000089/07,Private Company,4600130969,A,2,28,maria@ieint.com,784606208,,,"IE Business Center  2nd Floor
Cnr of Buiten Street & StatewayWelkom
Free State
South Africa
9459",1,1,
P0003,CMAX CIVIL CONSTRUCTION AND GENERAL TRADING (PTY) LTD,9137235165,2006/009661/07,Private Company,4070229549,,2,28,nozilekganyane@gmail.com,734058744,,,"NO 5 THIRTEENTH STREET
VOORSPOED EAST
INDUSTRIAL AREA
WELKOM
FREE STATE
South Africa
9459",0,1,2007
P0004,CORAL LAGOON INVESTMENTS 90 (PTY) LTD,9409494151,2004/017564/07,Private Company,,,2,28,johnny@ieint.com,,,,"IE Business Center 2nd Floor
Cnr of Buiten Street & StatewayWelkom
Free State
South Africa
9459",1,1,2005
P0005,ORANGE-VAAL AND MIDLANDS COMPANY (PTY) LTD,9410048061,1966/001650/07,Private Company,,,2,28,ovmari@gmail.com,788503255,,,,0,1,1967
P0006,GS INVESTMENT HOLDINGS (PTY) LTD - RESIGNED,9029024248,2012/159194/07,Private Company,,,2,28,oceanpotc@gmail.com,,,,,0,1,2013
P0007,HERMES FOREIGN IMPORTS (PTY) LTD,9445218176,2012/226115/07,Private Company,4610279582,B,2,28,admin@vryburg.diydepot.co.za,725542155,,,"36 Market Street
VryburgVryburg
North West
South Africa
8601",1,1,2013
P0010,YOANNIS RESTAURANT ENTERPRISES (PTY) LTD,9124653164,2007/017195/07,Private Company,,,2,28,oceanpotc@gmail.com,742107060,,,,1,1,2008
P0011,IE INVESTMENT CONSORTIUM (PTY) LTD,9578776164,2013/034201/07,Private Company,,,2,28,johnny@ieint.com,836254725,,,,1,1,2013
P0012,CHICK 'N RIB FRANCHISE (PTY) LTD,9867705148,2006/011390/07,Private Company,4700288691,B,2,28,athoskamenos@gmail.com,823383368,,,,1,1,2007
P0013,SIMPLISIT MIT (PTY) LTD,9517260171,2012/197548/07,Private Company,,,2,28,francob@themaverickgroup.co.za,,,,,1,1,2013
P0014,VENGIES GAMING (PTY) LTD,9212425186,2012/050393/07,Private Company,4020286201,C,2,28,evan@megadial.com,722657243,,,"3 ACACIA STREET
KURUMANKURUMAN
NORTHERN CAPE
South Africa
8460",1,1,2013
P0015,IOANNIS ELIADES INTERNATIONAL GROUP (PTY) LTD,9452191175,2012/025935/07,Private Company,,A,2,28,johnny@ieint.com,836254725,,,,1,1,2012
P0016,CENTRAL GAMING MANAGEMENT (PTY) LTD,9211435186,2012/072264/07,Private Company,4740273802,A,2,28,dino@tictacbets.co.za,,,,"36 Market Street
VryburgVryburg
North West
South Africa
8601",1,1,2013
P0018,KHABOKEDI WASTE MANAGEMENT (PTY) LTD,9408217165,2009/014752/07,Private Company,4190244469,C,2,28,sipho@khabokedi.co.za,795098929,,,"3 CHLOOR STREET
ALRODEALBERTON
GAUTENG
South Africa
1451",1,1,2010
P0019,IE CONSORTIUM (PTY) LTD,9335534179,2013/034192/07,Private Company,,,2,28,johnny@ieint.com,836254725,,,,1,1,2013
P0021,IE CAPITAL PROPERTY (PTY) LTD,9833302152,2011/007062/07,Private Company,,A,2,28,johnny@ieint.com,836254725,,,"IE Business Center  2nd Floor
Cnr of Buiten Street & StatewayWelkom
Free State
South Africa
9459",1,1,2012
P0022,IE BUSINESS CONNECTION  (PTY) LTD,9426300175,2013/131480/07,Private Company,,B,2,28,johnny@ieint.com,836254725,,,,1,1,2014
P0023,CONSTRUCT A DREAM (PTY) LTD,9532303170,2013/162560/07,Private Company,,,2,28,johnny@ieint.com,836254725,,,"782 SOMERSET STREET
WINGATE PARKPRETORIA
GAUTENG
South Africa
181",1,1,2014
P0024,IOANNIS ELIADES PROPERTY MANAGEMENT (PTY) LTD,9818526155,2013/034210/07,Private Company,,A,2,28,johnny@ieint.com,836254725,,,,1,1,2013
P0026,VOUNI BUILDINGS  (PTY) LTD,9643024848,1963/007319/07,Private Company,,,2,28,aminuli173@gmail.com,829335533,,,,0,1,1964
P0027,KENNY AUTO PARTS (PTY) LTD RESIGNED,,2017/337766/07,Private Company,,,2,28,TERRYSTIG@GMAIL.COM,720944850,,,"2489 MOSIAKO STREET
THANBONGWELKOM
FREE STATE
RSA
9463",0,1,2018
P0031,IOANNIS ELIADES CHARTERED CERTIFIED ACCOUNTANTS (PTY) LTD,9524436152,2013/216423/07,Private Company,4030233318,A,2,28,accounts@ieint.com,836254725,,,"IE Business Center  2nd Floor
Cnr of Buiten Street & StatewayWelkom
Free State
South Africa
9459",1,1,2014
P0032,MNANDINI LIQUOR TRADERS (PTY) LTD,9114136196,2012/116433/07,Private Company,,,2,28,chrystal@pittas.co.za,572126961,,,"25 DRANKENSBURG AVENUE
VIRGINIAVIRGINIA
FREE STATE
South Africa
9430",1,1,2013
P0036,JOHNNY ELIADES INTERNATIONAL (PTY) LTD,9085551175,2013/216777/07,Private Company,,,2,28,johnny@ieint.com,836254725,,,"IE Business Center  2nd Floor
Cnr of Buiten Street & StatewayWelkom
Free State
South Africa
9459",1,1,2014
P0037,IOANNIS ELIADES INVESTMENTS (PTY) LTD,9672152148,2013/216432/07,Private Company,4700221965,A,2,28,johnny@ieint.com,836254725,,,,1,1,2014
P0038,MAVERICK PROPERTY GROUP (PTY) LTD,9230374184,2012/143058/07,Private Company,4270261649,B,2,28,accounts@mavericktelecom.co.za,832227175,,,,1,1,2013
P0040,MAVERICK TELECOMMUNICATIONS (PTY) LTD,9084741157,2012/152822/07,Private Company,4900212855,C,2,28,accounts@mavericktelecom.co.za,832227175,,,"UNIT S14 & S15 SPEARHEAD BUSINESS PARK
MONTAGUE DRIVE
MONTAGUE GARDENS
CAPE TOWN
WESTERN CAPE
South Africa
7441",1,1,2013
P0043,IE CAPITAL (PTY) LTD,9144484228,2016/133447/07,Private Company,,A,2,28,johnny@ieint.com,836254725,,,,1,1,2017
P0044,KIMBRABYTE (PTY) LTD,9032280225,2013/024244/07,Private Company,,,2,28,luckyboy.ramos@gmail.com,824810925,,,,1,1,2013
P0045,HI ZONE INVESTMENT GROUP (PTY) LTD,9102479145,2013/168619/07,Private Company,4660198500,,2,28,francob@thehizonegroup.co.za,832227175,,,"S14 & S15 Spearhead Business Park
Montague DriveCape Town
Western Cape
South Africa
7441",1,1,2014
P0048,IE BUSINESS CENTER (PTY) LTD,9575891164,2013/066636/07,Private Company,,B,2,28,johnny@ieint.com,836254725,,,,1,1,2014
P0056,MAVERICK CLOUD TECHNOLOGIES (PTY) LTD,9318223188,2014/047748/07,Private Company,4120288016,A,2,28,accounts@mavericktelecom.co.za,832227175,,,,1,1,2015
P0057,INTELLIGENT SECURITY SOLUTIONS (PTY) LTD,9325196187,2014/047920/07,Private Company,4250301233,B,2,28,paul@themaverickgroup.co.za,835232389,,,,1,1,2015
P0058,AMPERSAND PROPERTY GROUP (PTY) LTD,9319280187,2014/047752/07,Private Company,4300288026,B,2,28,accounts@mavericktelecom.co.za,832227175,,,"COTTAGE 8 TRINITY GARDENS
VIRGINIA AVENUE
VREDEHOEK
CAPE TOWN
WESTERN CAPE
South Africa
8001",1,1,2015
P0074,CENTRAL ASSET MANAGEMENT (PTY) LTD,9627984165,2014/162584/07,Private Company,4050269903,B,2,28,evan@megadial.com,825248370,,,"36 Market Street
VryburgVryburg
North West
South Africa
8601",1,1,2015
P0075,VENDIVISTA (PTY) LTD,9412824170,2014/162565/07,Private Company,4220271078,C,2,28,vvv@playbet.co.za,824646233,,,"CNR JAMES MOROKA AND RIVIER STREET
POTCHEFSTROOMPOTCHEFSTROOM
NORTH WEST
South Africa
2520",1,1,2015
P0076,VENDINET (PTY) LTD,9220384193,2014/162581/07,Private Company,4390269654,C,2,28,dino@tictacbets.co.za,825248370,,,"137 MARKET STREET
VRYBURGVRYBURG
NORTH WEST
South Africa
8601",1,1,2015
P0077,ANSINO (PTY) LTD T/A VEGAS BINGO VRYBURG,9625017174,2014/162571/07,Private Company,4650300322,C,2,28,evan@megadial.com,,,,"36 Market Street
VryburgVryburg
North West
South Africa
8601",1,1,2015
P0078,EV FARMING (PTY) LTD,9624019171,2014/162553/07,Private Company,,,2,28,evan@megadial.com,,,,"36 Market Street
VryburgVryburg
North West
South Africa
8601",1,1,2015
P0079,BETRITE (PTY) LTD,9159697193,2014/181697/07,Private Company,,,2,28,raazik.kana@gmail.com,,,,"36 Market StreetVryburg
North West
South Africa
8601",1,1,2015
P0080,EVSV DIY DEPOT (PTY) LTD,9307755182,2014/181679/07,Private Company,,C,2,28,sophia_goudis@hotmail.com,,,,"191 STELLA STREET
VRYBURGVRYBURG
NORTH WEST
South Africa
8601",1,1,2015
P0081,LONIPLEX (PTY) LTD,9028798230,2014/184156/07,Private Company,4060279579,C,2,28,dino@tictacbets.co.za,825248370,,,"36 MARKET STREET
VRYBURGVRYBURG
NORTH WEST
South Africa
8601",1,1,2015
P0082,LONIVISTA (PTY) LTD,9822894151,2014/184211/07,Private Company,4040279731,B,2,28,dino@tictacbets.co.za,,,,"36 Market Street
VryburgVryburg
North West
South Africa
8601",1,1,2015
P0083,ULTRA PRO CONSTRUCTION (PTY) LTD,9862765154,2014/139425/07,Private Company,,A,2,28,fsalvado@dominic.co.za,834976708,,,,1,1,2015
P0084,ALMARTIANO PROPERTIES (PTY) LTD,9863764156,2014/139426/07,Private Company,,,2,28,lsalvado@outlook.com,837280719,,,"17 LANGENHOVEN AVENUE
JAN CILLIERS PARKWELKOM
FREE STATE
South Africa
9459",1,1,2015
P0085,KHABOKEDI PLANT HIRE (PTY) LTD,9271991193,2014/139412/07,Private Company,4460286323,B,2,28,romeoc@khabokedi.co.za,795098929,,,"3 CHLOOR STREET
ALRODEALBERTON
GAUTENG
South Africa
1451",1,1,2015
P0086,TORNADO INVESTMENTS (PTY) LTD,9861766153,2014/139413/07,Private Company,,,2,28,jaxon@yebo.co.za,832848111,,,"10 NYM STREET
BEDELIAWELKOM
FREE STATE
South Africa
9459",1,1,2015
P0090,REVIVAL PRODUCTS (PTY) LTD,9058014425,2015/028027/07,Private Company,4160175388,,6,30,ian@revivalproducts.co.za,0613893799Heath,,,,0,1,
P0092,ET CONSULT (PTY) LTD,9182014192,2011/108405/07,Private Company,4570273179,A,2,28,maxi@etconsult.co.za,842092331,,,"Mini Factory Unit 9 2 Umkhomazi Drive
Dube Trade Zone
Dube Tradeport
La Mercy
Kwa-Zulu Natal
South Africa
4399",1,1,2012
P0093,PLAYBET CONSULTING (PTY) LTD,9504819179,2015/248337/07,Private Company,,A,2,28,vvv@playbet.co.za,86661782,,,"556 JULES STREET
MALVERNJOHANNESBURG
GAUTENG
South Africa
2094",1,1,2016
P0094,WATURA (PTY) LTD,9980848155,2015/251989/07,Private Company,,,6,30,ian@revivalproducts.co.za,834693543,,,,0,1,
P0098,ZURICEPT (PTY) LTD,,2015/373837/07,Private Company,,,2,28,radiokanat@gmail.com,,,,"10 Brown StreetVryburg
North West
South Africa
8601",1,1,2016
P0099,ZURICARE (PTY) LTD - DE-REGISTERED,9511870173,2015/373844/07,Private Company,,,2,28,,,,,"10 Brown Street
VryburgVryburg
North West
South Africa
8601",0,1,2016
P0100,SPI FOOD ENTERPRISES (PTY) LTD,9906033163,2016/018805/07,Private Company,,,2,28,oceanpotc@gmail.com,,,,"26 BORCHERD STREET
POTCHEFSTROOMPOTCHEFSTROOM
NORTH WEST
South Africa
2531",1,1,2016
P0101,ANGEL FOOD ENTERPRISES (PTY) LTD,9904036168,2016/018819/07,Private Company,,A,2,28,oceanpotc@gmail.com,662016273,,,"26 BORCHERD STREET
POTCHEFSTROOMPOTCHEFSTROOM
NORTH WEST
South Africa
2531",1,1,2016
P0102,K2014202483,9486712178,2014/202483/07,Private Company,,A,2,28,chrystal@pittas.co.za,82662800,,,"25 Drakensberg RoadVirginia
Free State
South Africa
9430",1,1,2015
P0103,AURA PROPERTY GROUP (PTY) LTD,9155448229,2016/085079/07,Private Company,4380281297,,2,28,accounts@maverick-mtn.com,832227175,,,,0,1,2017
P0104,SALT AND LIGHT  HOSPITALITY (PTY) LTD,9388308182,2016/125060/07,Private Company,4020273944,A,2,28,accounts@mavericktelecom.co.za,832227175,,,"S14 AND 15 SPEARHEAD BUSINESS PARK
MONTAGUE DRIVE MONTAGUE GARDENSMILNERTON
WESTERN CAPE
South Africa
7441",1,1,2017
P0106,EVHA (PTY) LTD,9152750221,2016/292502/07,Private Company,4550276432,A,2,28,evan@megadial.com,828003482,,,"36 Market Street
VryburgVryburg
North West
South Africa
8601",1,1,2017
P0107,LEONE DORO (PTY) LTD,9711682162,2016/287873/07,Private Company,,,2,28,francob@themaverickgroup.co.za,834587212,,,,1,1,2017
P0108,PLAYBET MPUMALANGA (PTY) LTD,9643921167,2016/298688/07,Private Company,,,2,28,fulvio@playbet.co.za,824656233,,,"4 THEO KLEYNHANS STREET
WHITE RIVERWHITE RIVER
MPHUMALANGA
South Africa
1240",1,1,2017
P0109,PRINCE MAX CONSTRUCTION AND GENERAL TRADING (PTY) LTD,9005183182,2016/317972/07,Private Company,,,2,28,martinxuma@icloud.com,734058744,,,,0,1,2017
P0110,MAVERICK INFORMATION SERVICES (PTY) LTD,9250264224,2016/381912/07,Private Company,4020289056,B,2,28,melissavh@maverickcs.co.za,,,,"UNIT S14 & S15  SPEARHEAD BUSINESS PARK
MONTAGUE DRIVE
MONTAGUE GARDENS
CAPE TOWN
WESTERN CAPE
South Africa
7441",1,1,2017
P0111,KHAYALAKE PROPERTY (PTY) LTD,9443483186,2016/375043/07,Private Company,4300314368,A,2,28,nozilekganyane@gmail.com,734058744,,,"NO 5 THIRTEENTH STREET
VOORSPOED EAST
INDUSTRIAL AREA
WELKOM
FREE STATE
South Africa
9459",1,1,2017
P0112,ELIADES CONSORTIUM (PTY) LTD,9122702229,2016/395754/07,Private Company,,,2,28,kyriacos@eliadesgroup.com,828842544,,,"169 JAC VAN RHYN STREET
UNIVERSITASBLOEMFONTEIN
FREE STATE
South Africa
9301",1,1,2017
P0115,ITHEMBA WINDER SERVICES (PTY) LTD,9200599224,2016/426255/07,Private Company,,,2,28,johnny@ieint.com,836254725,,,"IE Business Center 2nd Floor
Cnr of Buiten Street & StatewayWelkom
Free State
South Africa
9459",1,1,2017
P0116,RCM SCHOOL OF EXCELLENCE (PTY) LTD,9180744220,2016/364032/07,Private Company,4250279207,,6,30,sharmaine@rightclickmedia.co.za,,,,,1,1,
P0118,RCM DIGITAL SOLUTIONS (PTY) LTD,9436218185,2016/069998/07,Private Company,,A,2,28,j-accounts@rightclickmedia.co.za,,,,,1,1,
P0119,CORFUWAY (PTY) LTD,9244886173,2017/134043/07,Private Company,4830266229,,2,28,ledmatlec@gmail.com,823000867,,,"11 13TH Street
Voorspoed Industrial AreaWelkom
Free State
South Africa
9459",1,1,2018
P0120,RIGHT CLICK MEDIA SOUTH AFRICA (PTY) LTD,9108059230,2016/518532/07,Private Company,,,2,28,jeff.ellis@jellismedia.co.za,jeff0826890473,,,,1,1,2017
P0121,VAN ALPHEN FARMING (PTY) LTD,9951258160,2016/511385/07,Private Company,4350278570,,2,28,ledmatlec@gmail.com,823000867,,,"11 13th Street
Voorspoed Industrial AreaWelkom
Free State
South Africa
9459",1,1,2017
P0122,JVA HOLDING (PTY) LTD,9952258169,2016/519576/07,Private Company,,,2,28,ledmatlec@gmail.com,823000867,,,"11 13th Street
Voorspoed
Industrial Area
Welkom
Free State
South Africa
9459",1,1,2017
P0123,PLAYBET WESTERN CAPE (PTY) LTD DE REGISTERED,9734741169,2016/528074/07,Private Company,,,2,28,fulvio@playbet.co.za,0824656233valer,,,"546 JULES STREET
MALVERNJOHANNESBURG
GAUTENG
South Africa
2094",0,1,2017
P0124,RIGHT CLICK MEDIA PLACEMENT (PTY) LTD,9749718160,2017/013011/07,Private Company,,,2,28,sharmaine@rightclickmedia.co.za,826890473,,,,1,1,
P0125,SEKOTLO MINING AND CONSTRUCTION (PTY) LTD,9184246198,2013/149169/07,Private Company,,,2,28,ambroses@wabatho.co.za,836547279,,,"NO5 CORRIELOCH PLACE
BRIGADOON GOLF ESTATERUSTENBURG
NORTH WEST
South Africa
299",1,1,2014
P0126,SEKOTLO TRADING (PTY) LTD,9505547159,2007/008032/07,Private Company,4030243051,,2,28,ambrosessekotlo@gmail.com,836547279,,,,1,1,2008
P0127,MAVERICK CLOUD TECHNICAL (PTY) LTD,9676975163,2017/081730/07,Private Company,,A,2,28,reneb@themaverickgroup.co.za,605039877,,,"UNIT 21 VILLA BELLA
PARKLANDSCAPE TOWN
WESTERN CAPE
South Africa
7441",1,1,2017
P0128,BH AND E SERVICES (PTY) LTD,9417689180,2017/089366/07,Private Company,,,2,28,sales@lebowinders.co.za,781778488,,,,1,1,2018
P0129,JVA MANUFACTURES (PTY) LTD,9525334182,2017/128440/07,Private Company,4850279664,,2,28,oddete@matlec.com,823000867,,,"11 13TH Street
Voorspoed Industrial AreaWelkom
Free State
South Africa
9459",1,1,2018
P0130,PLAYBET PTA (PTY) LTD,9011608248,2015/103619/07,Private Company,,,2,28,fulvio@playbet.co.za,,,,"287 PRETORIUS STREET
PRETORIAPRETORIA
GAUTENG
South Africa
1",1,1,2016
P0132,PLAYBET HOLDINGS (PTY) LTD,9621811174,2017/189745/07,Private Company,,,2,28,fulvio@playbet.co.za,824656233,,,"556 JULES STREET
MALVERNJOHANNESBURG
GAUTENG
South Africa
2094",1,1,2018
P0133,APPLORD ZA (PTY) LTD,9336891172,2013/081999/07,Private Company,,,2,28,sharmaine@rightclickmedia.co.za,760607162,,,"13 Stone Edge Complex
DJ Theron Crescent
Meyersdal
Alberton
Gauteng
South Africa
1448",1,1,2014
P0134,SUPER FOOD CO (PTY) LTD,9044038249,2014/022645/07,Private Company,,,2,28,maxi@etconsult.co.za,842092331,,,"22 AVONDALE DRIVE
BALLITODURBAN
KWA ZULU NATAL
South Africa
4420",0,1,
P0135,EQUITY 140 PROPERTY INVESTMENTS (PTY) LTD,9288167225,2017/078666/07,Private Company,,,2,28,maxi@etconsult.co.za,842092331,,,"22 AVONDALE DRIVE
BALLITODURBAN
KWA ZULU NATAL
South Africa
4420",0,1,2017
P0136,IKIGAI (PTY) LTD,9789390169,2016/129987/07,Private Company,,,2,28,maxi@etconsult.co.za,842092331,,,"22 AVONDALE DRIVE
BALLITODURBAN
KWA ZULU NATAL
South Africa
4420",0,1,2017
P0137,REAL FOOD GROUP  (PTY) LTD,9766122163,2015/004565/07,Private Company,,,2,28,maxi@etconsult.co.za,842092331,,,"22 AVONDALE DRIVE
BALLITODURBAN
KWA ZULU NATAL
South Africa
4420",0,1,
P0138,LIENE EIENDOMME (PTY) LTD - RESIGNED,9943394164,2017/240988/07,Private Company,,,2,28,orconstruction@hotmail.com,0725770854Brend,,,,0,1,2018
P0139,INNOVATE 360 MEDIA (PTY) LTD,9098145221,2015/220047/07,Private Company,4830277978,,6,30,darryl@innovate360.co.za,823779331,,,,0,1,
P0140,I360 INTERNATIONAL (PTY) LTD,9556301183,2017/250332/07,Private Company,,,2,28,darryl@inovate360.co.za,823779331,,,,0,1,2018
P0141,SL MKOKENG (PTY) LTD,,2017/262239/07,Private Company,,,2,28,sebongelelisbeth@gmail.com,0797025820Pales,,,"50 MAREE STREET
RIEBEECKSTADRIEBEECKSTAD
FREE STATE
RSA
9469",0,1,2018
P0142,ALPION PROFESSIONAL SERVICES (PTY) LTD,9741517172,2019/479403/07,Private Company,,,2,28,keagenva@alpion.co.za,615352748,,,"456 FIR AVENUE
BEVERLY GARDENSJOHANNESBURG
GAUTENG
South Africa
2194",1,1,
P0143,BULELA WASTE MANAGEMENT AND GENERAL TRADING (PTY) LTD,9931403167,2017/226600/07,Private Company,,,2,28,charlotte@cmaxcivil.co.za,,,,"NO 5 THIRTEENTH STREET
VOORSPOED EAST
INDUSTRIAL AREA
WELKOM
FREE STATE
South Africa
9459",0,1,2018
P0144,PLAYBET JHB (PTY) LTD,9389825184,2017/292993/07,Private Company,4910287152,,2,28,fulvio@playbet.co.za,0824656233Valer,,,"165 BRAM FISHER DRIVE
RANDBURGJOHANNESBURG
GAUTENG
South Africa
2194",1,1,2018
P0145,TEXTNET (PTY) LTD RESIGNED,9902749150,2014/203648/07,Private Company,,,2,28,fulvio@playbet.co.za,0824623263FULVI,,,"18 BIZET AVENUE
VAN DER HOFFPARKPOTCHEFSTROOM
NORTH WEST
South Africa
2531",0,1,2015
P0146,BIZALLIANCE (PTY) LTD,9128277226,2016/142474/07,Private Company,,,2,28,ronel@bizarmour.co.za,798843207,,,"THE BUSINESS EXCHANGE
150 RIVONIA ROADSANDTON
GAUTENG
South Africa
2057",1,1,2017
P0147,EYABANTU BAKERS (PTY) LTD,9114293237,2017/248344/07,Private Company,,,2,28,,,,,"HOUSE NO 2976
DUBE TOLL PLAZATHEMBENI
KWA - ZULU NATAL
South Africa
4126",0,1,2018
P0148,MAVERICK SIYAKHULA (PTY) LTD,9449818187,2017/422910/07,Private Company,,,2,28,accounts@mavericktelecom.co.za,832636366,,,"UNIT S14 & S15 SPEARHEAD BUSINESS PARK
MONTAGUE DRIVE
MONTAGUE GARDENS
CAPE TOWN
WESTERN CAPE
South Africa
7441",1,1,2018
P0149,FUTURE LIST (PTY) LTD,9120365235,2017/480689/07,Private Company,,,2,28,jarette@auraproperty.co.za,,,,,0,1,2018
P0150,ABC GROUP HOLDINGS (PTY) LTD,9726445175,2019/195248/07,Private Company,4260287042,A,2,28,michelle@abcinvestments.co.za,,,,"26 PERM STREET
SONNEGLANS EXT 27SONNEGLANS EXT 27
GAUTENG
South Africa
2158",1,1,
P0151,IE CAPITAL BRIDGE (PTY) LTD,9023118269,2017/505680/07,Private Company,,A,2,28,johnny@ieint.com,836254725,,,"IE Business Centre 2nd Floor
Cnr of Buiten Street & StatewayWelkom
Free State
South Africa
9459",1,1,2018
P0152,KARAKIOSI INVESTMENTS (PTY) LTD,,2017/507114/07,Private Company,,,2,28,stilfontein@okstilf.com,823085354,,,"20  L SUZET AVE
FLAMWOODKLERKSDORP
NORTH WEST
South Africa
2571",1,1,2018
P0153,PABALA CONSULTING (PTY) LTD,9430953167,2010/022305/07,Private Company,,,2,28,paballo@pabalaconsulting.com,736912331,,,,0,1,
P0154,PHYTO PHARMACEUTICALS (PTY) LTD,9457885169,1979/004598/07,Private Company,4250256049,B,2,28,penny@playbet.co.za,824656233,,,"546 JULES STREET
MALVERNJOHANNESBURG
GAUTENG
South Africa
2094",1,1,1980
P0155,SILVERMOON TEN (PTY) LTD T/A OK FOODS,9058106643,2018/053737/07,Private Company,4960185439,C,2,28,stilfontein@okstilf.com,823085354,,,,0,1,2018
P0156,BIANCO NERO (PTY) LTD,9191416230,2018/069844/07,Private Company,,,2,28,aileenb@mavericktelecom.co.za,832227175,,,"UNIT S14 & S15  SPEARHEAD BUSINESS PARK
MONTAGUE DRIVE
MONTAGUE GARDENS
CAPE TOWN
WESTERN CAPE
South Africa
7441",0,1,
P0157,NEW TECH ENERGY (PTY) LTD,9811303164,2016/041313/07,Private Company,,A,2,28,sales@ntpe.co.za,734131901,,,"46 BOSHOFF STREET
ODENDAALSRUSODENDAALSRUS
FREE STATE
South Africa
9480",0,1,
P0158,IE PROPERTY DEVELOPMENT (PTY) LTD,9565506186,2018/092938/07,Private Company,4500295912,A,2,28,jason@iecca.co.za,836254725,,,"IE Business Center  2nd Floor
Cnr of Buiten Street & StatewayWelkom
Free State
South Africa
9459",1,1,2018
P0159,OPENLANE MANAGEMENT (PTY) LTD t/a Rawson Properties,9566538188,2018/210926/07,Private Company,,,2,28,bills.zbzm.9nf4rhwtn6947tjl@xerofiles.com,823085354,,,,1,1,2019
P0160,NEW TECH PRECISION ENGINERING (PTY) LTD,9751050171,2018/205270/07,Private Company,4780293694,A,2,28,sales@ntpe.co.za,836254725,,,"IE Business Center  2nd Floor
Cnr of Buiten Street & StatewayWelkom
Free State
South Africa
9459",1,1,2019
P0161,J2E PROPERTIES (PTY) LTD,9816953161,2018/226844/07,Private Company,4060292143,B,2,28,johnny@ieint.com,836254725,,,"IE Business Center  2nd Floor
Cnr of Buiten Street & StatewayWelkom
Free State
South Africa
9459",1,1,2019
P0163,ALPION SOLUTIONS (PTY) LTD,9932491161,2017/414089/07,Private Company,4510282413,,2,28,Charlotteva@alpion.co.za,615352748,,,"1004A
267 WEST AVENUE
DIE HOEWES
CENTURION
GAUTENG
South Africa
157",1,1,2018
P0164,AFRICAN RING (PTY) LTD,9530659185,2018/252766/07,Private Company,,,2,28,afriring@tiscali.co.za,784573030,,,"19 ILL VILLAGIO
ALABASTER AVENUEJOHANNESBURG
GAUTENG
South Africa
2091",1,1,2019
P0165,PHOENIX HOUSE ADDICTION REHABILITATION CENTRE (PTY) LTD LIQU,9562788175,2016/021529/07,Private Company,4440274050,,2,28,accounts@phoenixhouse.co.za,,,,"135 IVY ROAD
NORWOODJOHANNESBURG
GAUTENG
South Africa
2192",0,1,
P0166,NEW TECH DEVELOPMENT (PTY) LTD,9010948264,2018/282172/07,Private Company,4480300666,A,2,28,vvv100@hotmail.com,836254725,,,"IE Business Center
Cnr of Buiten Street & StatewayWelkom
Free State
South Africa
9459",1,1,2019
P0167,MAVERICK CONVERGED TECHNOLOGIES (PTY) LTD,9035098269,2018/345861/07,Private Company,4950302218,B,2,28,accounts@mavericktelecom.co.za,832125930,,,"UNIT S14 & S15  SPEARHEAD BUSINESS PARK
MONTAGUE DRIVE
MONTAGUE GARDENS
CAPE TOWN
WESTERN CAPE
South Africa
7441",1,1,2019
P0168,ROMADOR 162 (PTY) LTD,9308308171,2009/018949/07,Private Company,,,2,28,dinok@romador.co.za,828541971,,,"39 Adriana Crescent
Gateway Industrial Park
Rooihuiskraal
Centurion
Gauteng
South Africa
157",1,1,2010
P0169,EVDA FOOD (PTY) LTD,9207555237,2018/381655/07,Private Company,4010286310,,2,28,evan@megadial.com,825248370,,,"10 Brown Street
VryburgVryburg
North West
South Africa
8601",1,1,2019
P0170,ROMADOR GROUP HOLDINGS (PTY) LTD,9053250263,2018/512991/07,Private Company,,,2,28,dinok@romador.co.za,828541971,,,"39 Adriana Crescent
Gateway Industrial Park
Rooihuiskraal
Centurion
Gauteng
South Africa
176",1,1,2019
P0171,BDEKM ENTERPRISES (PTY) LTD,9413167199,2018/378984/07,Private Company,,,2,28,,,,,"1 KEEROM STREET
INDUSTRIALWELKOM
FREE STATE
South Africa
9459",0,1,2019
P0172,HESHMO (PTY) LTD,9778122177,2018/429926/07,Private Company,,,2,28,evan@megadial.co.za,825608670,,,"9 Macbeth Street
VryburgVryburg
North West
South Africa
8600",1,1,2019
P0173,ROMADOR TELECOMS (PTY) LTD,9044603240,2015/122367/07,Private Company,4240273336,,2,28,lizelle@romador.co.za,828541971,,,"39 Adriana Crescent
Gateway Industrial Park
Rooihuiskraal
Centurion
Gauteng
South Africa
157",1,1,2015
P0174,ROMADOR TECHNOLOGIES (PTY) LTD,9894347161,2016/366638/07,Private Company,,,2,28,lizelle@romador.co.za,,,,"39 Adriana Crescent
Gateway Industrial Park
Rooihuiskraal
Centurion
Gauteng
South Africa
157",1,1,2017
P0175,PRONTO COMPUTER SOLUTIONS (PTY) LTD,9420877160,2010/005233/07,Private Company,,,2,28,dinok@romador.co.za,820698915,,,"39 Adriana Crescent
Gateway Industrial Park
Rooihuiskraal
Centurion
Gauteng
South Africa
157",1,1,2011
P0177,EV PROP (PTY) LTD,9352458195,2018/544970/07,Private Company,4710286487,C,2,28,evan@megadial.com,,,,"36 Market Street
VryburgVryburg
North West
South Africa
8601",1,1,2019
P0178,VENGIES SLOTS (PTY) LTD,9504001190,2018/613786/07,Private Company,,,2,28,accounts@tictacbets.co.za,,,,"3 ACACIA STREET
KURUMANKURUMAN
NORTHERN CAPE
South Africa
8460",1,1,2019
P0179,FRANCARLO EMPOWERMENT (PTY) LTD,9096298246,2018/531129/07,Private Company,,,2,28,JAXON@YEBO.CO.ZA,832848111,,,"10 NYM STREET
BEDELIAWELKOM
FREE STATE
South Africa
9459",1,1,2019
P0180,BLACK MOON PROPERTIES (PTY) LTD,9345475199,2018/492597/07,Private Company,,,2,28,keagenva@alpion.co.za,615352748,,,"456 FIR AVENUE
BEVERLY GARDENSJOHANNESBURG
GAUTENG
South Africa
2194",1,1,2019
P0182,OB ANGEL FOODS (PTY) LTD,9413345191,2019/014039/07,Private Company,,A,2,28,oceanpotc@gmail.com,662016273,,,"26 BORCHERD STREET
POTCHEFSTROOMPOTCHEFSTROOM
NORTH WEST
South Africa
2531",1,1,2019
P0183,J A I B ELJADA PARK (PTY) LTD,9577756183,2019/015015/07,Private Company,,,2,28,JOHNNY@IEINT.COM,836254725,,,"182 CONSTANTIA ROAD
DAGBREEKWELKOM
FREE STATE
South Africa
9459",0,1,
P0184,TUKULA TELECOMS (PTY) LTD,9580671189,2019/015041/07,Private Company,,,2,28,johannfourie81@gmail.com,728599743,,,"182 CONSTANTIA ROAD
DAGBREEKWELKOM
FREE STATE
South Africa
9459",1,1,2019
P0185,THE NEW FICKSBURG  (PTY) LTD,9581662187,2019/015063/07,Private Company,,,2,28,JOHNNY@IEINT.COM,,,,"464 WISTERIA AVENUE
FAERIE GLEN X73PRETORIA
GAUTENG
South Africa
2094",1,1,
P0186,J A I B AYAN (PTY) LTD,9578676182,2019/015091/07,Private Company,,,2,28,JOHNNY@IEINT.COM,768403612,,,"182 CONSTANTIA ROAD
DAGBREEKWELKOM
FREE STATE
South Africa
9459",1,1,
P0187,IE CAPITAL RENTALS (PTY) LTD,9579672180,2019/016148/07,Private Company,,A,2,28,JOHNNY@IEINT.COM,836254725,,,"IE Business Center  2nd Floor
Cnr of Buiten Street & StatewayWelkom
Free State
South Africa
9459",1,1,2019
P0190,TOUCHCLOUDS SUPPLIES (PTY) LTD,9832182175,2019/235313/07,Private Company,,,2,28,mutlemosiane@gmail.com,604181354,,,"HOUSE 93
JOUBERTONKLERKSDORP
NORTH WEST
South Africa
2574",0,1,2020
P0191,IGUARD U SECURITY (PTY) LTD,9379547194,2019/199007/07,Private Company,,,2,28,keenanjedwards@gmail.com,718684278,,,"2 LE MOULIN 0 ELIZABETH ROAD
BEDFORDVIEW
Alberton
GERMISTON
GAUTENG
South Africa
2008",0,1,2020
P0192,ABISOURCE (PTY) LTD,9192115245,2019/188977/07,Private Company,4710285992,,2,28,info@abisource.co.za,726366647,,,"1 LONG ROAD
BEDELIAWELKOM
FREE STATE
South Africa
9459",0,1,2020
P0193,GREENVILLE TRADING 599 (PTY) LTD,9044254184,2019/189300/07,Private Company,4040231609,A,2,28,luckyboy.ramos@gmail.com,824810925,,,"183  POWER ROAD
INDUSTRIAL AREAWELKOM
FREE STATE
South Africa
9459",1,1,2020
P0194,IE CAPITAL HOLDINGS (PTY) LTD,9273301243,2019/212600/07,Private Company,,A,2,28,johnny@ieint.com,836254725,,,"IE Business Center  2nd Floor
Cnr of Buiten Street & StatewayWelkom
Free State
South Africa
9459",1,1,2020
P0195,ALSONR INVESTMENTS (PTY) LTD,9577948186,2019/356959/07,Private Company,,,2,28,alwyn48@yahoo.com,844043839,,,"464 WISTERIA AVENUE
FAERIE GLEN X73PRETORIA
GAUTENG
South Africa
2094",0,1,2020
P0196,TUKULA HOLDINGS (PTY) LTD,,2015/370925/07,Private Company,,,2,28,johannfourie81@gmail.com,728599743,,,"749 LOBELIA STREET
MORELETA PARKPRETORIA
GAUTENG
South Africa
181",1,1,2016
P0197,LINCOLN PLACE (PTY) LTD,9333878198,2019/222492/07,Private Company,,,2,28,johnny@ieint.com,836254725,,,"182 CONSTANTIA ROAD
DAGBREEKWELKOM
FREE STATE
South Africa
9459",1,1,2020
P0198,IE CAPITAL INVESTMENTS (PTY) LTD,9375557197,2019/243108/07,Private Company,,A,2,28,johnny@ieint.com,836254725,,,"IE Business Center
2nd Floor
Cnr of Buiten Street & Stateway
Welkom
Free State
South Africa
9459",1,1,2020
P0200,MASHUDU PLANT HIRE (PTY) LTD RESIGNED,9585299184,2017/519146/07,Private Company,,,2,28,Spmulidzi@gmail.com,,,,"109 ORANJE STREET
RANDLES PARKKLERKSDORP
NORTH WEST
South Africa
2571",0,1,2018
P0201,ABC GROUP INVESTMENT (PTY) LTD,9469887179,2015/124249/07,Private Company,4880284163,A,2,28,michelle@abcinvestments.co.za,,,,"GROUND FLOOR BLOCK 2
WHITEHILL JUNXION OFFICE PARKLONEHILL
GAUTENG
South Africa
2062",1,1,2016
P0202,ERGON MACHINING AND ENGINEERING CO (PTY) LTD,9052335263,2018/580958/07,Private Company,4190285587,C,2,28,info@ergon.co.za,832601585,,,"56 TILE ROAD
BOKSBURG NORTHBOKSBURG
GAUTENG
South Africa
1459",1,1,2019
P0203,NEW LANTERN ROADHOUSE (PTY) LTD,9828233172,2019/354350/07,Private Company,4430287765,B,2,28,maria@ieint.com,607834328,,,"257 KOPPIE ALLEEN ROAD
REITZPARKWELKOM
FREE STATE
RSA
9459",1,1,2020
P0204,IE ESCROW (PTY) LTD,9841168173,2019/356289/07,Private Company,4690306891,A,2,28,johnny@ieint.com,836254725,,,"IE Business Center  2nd Floor
Cnr of Buiten Street & StatewayWelkom
Free State
South Africa
9459",1,1,2020
P0205,KHUMOENTLE INVESTMENTS (PTY) LTD,9793374175,2019/349027/07,Private Company,,,2,28,JOHNNY@IEINT.COM,836254725,,,"IE Business Center  2nd Floor
Cnr of Buiten Street & StatewayWelkom
Free State
South Africa
9459",1,1,2020
P0207,NEW ERA HEALTH (PTY) LTD,9307578220,2018/387581/07,Private Company,4960287086,B,2,28,michelle@abcinvestments.co.za,,,,"MSC HOUSE 1 MEDITERRANEAN ST  FORESHORE
FORESHORE CAPE TOWN CITY CENTRECAPE TOWN
WESTERN PROVINCE
South Africa
8000",1,1,2019
P0208,BOKAMOSO PEELETSO (PTY) LTD,,2019/349159/07,Private Company,,,2,28,shelleymaylyle@gmail.com,781464113,,,"21 COLORADO
38 BASIL STREET
FERNDALE
RANDBURG
GAUTENG
South Africa
2194",0,1,2020
P0209,NUTRIVITA (PTY) LTD,9478575187,2017/208314/07,Private Company,4420278188,,2,28,accounts@nutrivita.co.za,842092331,,,"MINI FACTORY UNIT 9
2 UMKHOMAZI DRIVE DUBE TRADE ZONEDUBE TRADEPORT
KWA ZULU NATAL
South Africa
4399",1,1,2018
P0210,VILLAGE PLUS (PTY) LTD,9599810182,2019/443171/07,Private Company,,,2,28,hoorzukbjh64@gmail.com,,,,"464 WISTERIA AVENUE
FAERIE GLEN X73PRETORIA
GAUTENG
South Africa
2094",0,1,2020
P0211,SMART VILLAGE PROPERTY (PTY) LTD,9600799184,2019/443865/07,Private Company,,,2,28,hoorzukbjh64@gmail.com,844043839,,,"464 WISTERIA AVENUE
FAERIE GLEN X73PRETORIA
GAUTENG
South Africa
2094",0,1,2020
P0214,ALTERNATIVEINFRA (PTY) LTD,9597814186,2019/443707/07,Private Company,,,2,28,hoorzukbjh64@gmail.com,844043839,,,"464 WISTERIA AVENUE
FAERIE GLEN X73PRETORIA
GAUTENG
South Africa
2094",0,1,2020
P0215,MMAKALA HOLDINGS (PTY) LTD,9614665181,2019/442893/07,Private Company,,,2,28,hoorzukbjh64@gmail.com,,,,"3 VENUS STREET
STER PARKPOLOKWANE
LIMPOPO
South Africa
700",0,1,2020
P0216,CORAL LAGOON PROPERTY (PTY) LTD,9274634238,2019/442900/07,Private Company,,,2,28,johnny@ieint.com,,,,"182 CONSTANTIA ROAD
DAGBREEKWELKOM
FREE STATE
South Africa
9459",1,1,2020
P0217,MEDICAL RADIODIAGNOSTICS (PTY) LTD,9206423197,2014/147902/07,Private Company,4900287501,B,2,28,jolener@newerahealth.co.za,,,,"MSC HOUSE 1 MEDITERRANEAN STREET
FORESHORE CAPE TOWN CITY CENTRECAPE TOWN
WESTERN CAPE
South Africa
8000",1,1,2015
P0218,HOORZUK HOLDINGS (PTY) LTD,9806395175,2019/42604/07,Private Company,,,2,28,alwyn48@yahoo.com,,,,"3 VENUS STREET
STER PARKPOLOLWANE
LIMPOPO
South Africa
700",0,1,2020
P0219,HOORZUK INVESTMENTS (PTY) LTD,9807392171,2019/462622/07,Private Company,,,2,28,alwyn48@yahoo.com,,,,"464 WISTERIA AVENUE
FAERIE GLEN X73PRETORIA
GAUTENG
South Africa
2094",0,1,2020
P0221,KNOWLEDGE FACTORY (PTY) LTD,,2010/020642/07,Private Company,4170257267,,2,28,vasha.reddy@systemiclogic.net,,,,"24 PETER PLACE
LYME PARKBRYANSTON
GAUTENG
RSA
2191",0,1,2011
P0222,FRANKIE BESOKE INVESTMENTS (PTY) LTD,,2018/327864/07,Private Company,,,2,28,,,,,"38 WROXHAM ROAD 56 ST PAULS
PAULSHOFSANDTON
GAUTENG
RSA
2196",0,1,2019
P0223,IE CAPITAL VENTURES (PTY) LTD,9167664243,2019/491437/07,Private Company,4320316476,A,2,28,johnny@ieint.com,836254725,,,"IE Business Center  2nd Floor
Cnr of Buiten Street & StatewayWelkom
Free State
South Africa
9459",1,1,2020
P0224,ABC HEALTHCARE (PTY) LTD,9725447172,2019/195231/07,Private Company,4330287048,A,2,28,polly@abcinvestments.co.za,,,,"26 PERM STREET
SONNEGLANS EXT 27SONNEGLAN
GAUTENG
South Africa
2158",1,1,
P0225,ABC REAL ESTATE (PTY) LTD,9448382193,2019/204305/07,Private Company,4190287021,B,2,28,polly@abcinvestments.co.za,,,,"26 PERM STREET  EXT 27
SONNEGLANSSONNEGLANS
GAUTENG
South Africa
2158",1,1,2020
P0227,LA MATTA (PTY) LTD,9289679236,2019/556848/07,Private Company,4360292850,,2,28,Carlob@themaverickgroup.co.za,832227175,,,"UNIT S14 & S15  SPEARHEAD BUSINESS PARK
MONTAGUE DRIVE
MONTAGUE GARDENS
CAPE TOWN
WESTERN CAPE
South Africa
7441",1,1,2020
P0231,DSHAVHANI PLANT HIRE (PTY) LTD RESIGNED,9378871199,2019/553520/07,Private Company,,,2,28,Spmulidzi@gmail.com,Donald-08142967,,,"109 ORANJE STREET
RANDLES PARKKLERKSDORP
NORTH WEST
South Africa
2571",0,1,2020
P0232,MELIS BOTTLESTORE (PTY) LTD,9110541241,2019/144793/07,Private Company,,,2,28,chrystal@pittas.co.za,799007952,,,"31 GOVERNMENT AVENUE
VIRGINIAVIRGINIA
FREE STATE
South Africa
9430",1,1,2020
P0233,TUKULA CONNECTED  (PTY) LTD,9395779193,2019/600765/07,Private Company,,,2,28,johnny@ieint.com,836254725,,,"182 CONSTANTIA ROAD
DAGBREEKWELKOM
FREE STATE
South Africa
9459",1,1,2020
P0234,KHUMOENTLE PROJECTS AND TRADING (PTY) LTD,9051935279,2019/404976/07,Private Company,,,2,28,johnny@ieint.com,836254725,,,"IE Business Center  2nd Floor
Cnr of Buiten Street & StatewayWelkom
Free State
South Africa
9459",1,1,2020
P0235,CATTLEWORX (PTY) LTD,9662007187,2020/011332/07,Private Company,,,2,28,johannf@cattleworx.co.za,768403612,,,"749 LOBELIA STREET
MORELETA PARKPRETORIA
GAUTENG
South Africa
181",1,1,
P0236,KHABOKEDI ANKONE JOINT VENTURE (PTY) LTD,9097277256,2020/026840/07,Private Company,,,2,28,sipho@khabokedi.co.za,795098929,,,"NHLOPHENKULU RESERVE
KWAGABHDLA AREANONGOMA
KWA-ZULU NATAL
South Africa
3950",1,1,2020
P0237,JVA PROPERTY RENTAL (PTY) LTD,9190113424,2020/094211/07,Private Company,,,2,28,ledmatlec@gmail.com,823000867,,,"18 Eleventh Street
Voorspoed OosWelkom
Free State
South Africa
9459",1,1,2020
P0238,CIRCO LONG STREET (PTY) LTD,9763639177,2019/600782/07,Private Company,4310302130,B,2,28,accounts@mavericktelecom.co.za,,,,"UNIT S14 & S15  SPEARHEAD BUSINESS PARK
MONTAGUE DRIVE
MONTAGUE GARDENS
CAPE TOWN
WESTERN CAPE
South Africa
7441",1,1,2020
P0239,ULTRA PRO TRANSPORT (PTY) LTD,9901388174,2020/491814/07,Private Company,4880296068,A,2,28,fsalvado@dominic.co.za,834976708,,,"17 LANGENHOVEN AVENUE
JAN CILLIERS PARKWELKOM
FREE STATE
South Africa
9459",1,1,2021
P0240,RETAIL PROPERTY STILFONTEIN (PTY) LTD,,2020/518339/07,Private Company,4440297903,C,2,28,stavrou7@gmail.com,823085354,,,"6 PALALA STREET
STILFONTEINSTILFONTEIN
NORTH WEST
RSA
2570",1,1,2021
P0241,ALEXCALE (PTY) LTD,9443713178,2014/106212/07,Private Company,,,1,31,alexcale555@gmail.com,670973066,,,"74 ROMEO STREET
BEDELIAWELKOM
FREE STATE
South Africa
9459",0,1,2014
P0242,MATOKE ENVIROMENTAL (PTY) LTD,,2015/156060/07,Private Company,,,2,28,romeoc@khabokedi.co.za,795098929,,,"3 CHLOOR STREET
ALRODEALBERTON
GAUTENG
RSA
1451",1,1,2016
P0243,DIE BAARD (PTY) LTD,9841579171,2020/634614/07,Private Company,,,12,31,accounts@mavericktelecom.co.za,,,,,1,1,
P0244,SOVEREIGN CONSTRUCTION TRADING (PTY) LTD,9018649278,2018/273851/07,Private Company,4600282331,,2,28,janco@sovereignconstruction.co.za,,,,"13 LAUREL AVENUE
RIEBEECKSTADWELKOM
FREE STATE
South Africa
9459",1,1,2019
P0246,SHESHADOTCOM (PTY) LTD RESIGNED,9709596176,2019/383632/07,Private Company,,,7,31,motaungjulz@gmail.com,72650268,,,,0,1,
P0247,KAMENOS PROPERTIES  (PTY) LTD,9718120182,2020/862130/07,Private Company,,,2,28,athoskamenos@gmail.com,823883368,,,"12  COBALT STREET
HOSPITAALPARKODENDAALSRUS
FREE STATE
South Africa
9480",1,1,2021
P0248,BIZARMOUR SA (PTY) LTD,9659679170,2019/166774/07,Private Company,,,2,28,ronel@bizarmour.co.za,798843207,,,"12 MIDDLE ROAD
MORNINGSIDESANDTON
GAUTENG
South Africa
2196",1,1,2020
P0249,ROMADOR OPERATIONS (PTY) LTD,9537081193,2019/359994/07,Private Company,4420288831,,2,28,louisdew@romador.co.za,837765695,,,"Unit 4 Parkside Office Park
86 Oak Ave
Highveld Techno Park
Centurion
Gauteng
South Africa
176",1,1,2020
P0250,DUAL TEMP ENGINEERING (PTY) LTD,9392292224,2021/355994/07,Private Company,,,2,28,kleon@dualtemp.co.za,614931600,,,"781 ENKELDORRN AVE ROSE ACRES ESTATES
108 DUET CLOSE
MONTANA
PRETORIA
GAUTENG
South Africa
182",0,1,
P0251,ALVARIUM BLUE ENTERPRISES (PTY) LTD,9065257280,2020/929891/07,Private Company,,,2,28,alwyn48@yahoo.com,844043839,,,"464 WISTERIA AVENUE
FAERIE GLEN X 73PRETORIA
GAUTENG
South Africa
43",0,1,
P0252,ED PROPERTY DEVELOPMENT (PTY) LTD,9097133269,2021/429982/07,Private Company,4050300542,,2,28,evan@megadial.com,828541971,,,"39 Adriana Crescent
Gateway Industrial Park
Rooihuiskraal
Centurion
Gauteng
South Africa
157",1,1,2021
P0253,TRADEMAX (PTY) LTD,9255839236,2019/458144/07,Private Company,4020293595,A,2,28,Polly@abcinvestments.co.za,,,,"MSC HOUSE 1 MEDITERRANEAN STREET.
FORESHORE CAPE TOWN  CITY CENTRECAPE TOWN
WESTERN CAPE
South Africa
8000",1,1,2020
P0254,LILLIENFELDT INTERNATIONAL (PTY) LTD,9510014203,2021/562225/07,Private Company,,,2,28,clillienfeldt@gmail.com,825000567,,,"SUIT 1D 1ST FLOOR SELBORNE CENTRE
144 CANTONMENT AVENUE
LYTTELTON MANOR
CENTURION
GAUTENG
South Africa
157",0,1,2022
P0255,MAJESTIC LOUNGE (PTY) LTD,9326856235,2021/587116/07,Private Company,,,2,28,athoskamenos@gmail.com,82338336,,,"12  COBALT STREET
HOSPITAALPARKODENDAALSRUS
FREE STATE
South Africa
9480",1,1,2022
P0256,MASENTLE FUNERAL HOME (PTY) LTD,9791591176,2019/619628/07,Private Company,,,2,28,dannytsunke1@gmail.com,603934022,,,"STAND 2054
KGOTSONGBOTHAVILLE
FREE STATE
South Africa
9660",0,1,2020
P0258,KOTETSI (PTY) LTD,9679449182,2021/608531/07,Private Company,,,2,28,asoukameyer@gmail.com,833128645,,,"Shop No. 84B East Rand Mall
Bentel Avenue
Boksburg North
Boksburg
Gauteng
South Africa
1459",0,1,2022
P0259,MAP TRANSPORT AND PROJECTS (PTY) LTD,9747225184,2021/697692/07,Private Company,,,2,28,patric.molefe@gmail.com,767817261,,,"12 Stockentstroom
DagbreekWelkom
Free State
South Africa
9459",0,1,2022
P0260,FRANCARLO MANUFACTURING (PTY) LTD,9020057429,1984/006149/07,Private Company,,,2,28,jaxon@yebo.co.za,832848111,,,"10 Nym Street Bedelia
BedeliaWelkom
Free State
South Africa
9459",1,1,1985
P0261,RAMAGAPU TRADING AND PROJECTS (PTY) LTD,9196411186,2012/066169/07,Private Company,4900297906,,2,28,motlatsi.notsi@yahoo.com,,,,"4 SECOND STREET  INDUSTRIAL AREA
INDUSTRIAL AREAWELKOM
FREE STATE
South Africa
9459",0,1,2013
P0262,ELIADES GROUP (PTY) LTD,9023272298,2021/761891/07,Private Company,,,2,28,kyriacos@eliadesgroup.com,828842544,,,"169 JAC VAN RHYN AVENUE
UNIVERSITASBLOEMFONTEIN
FREE STATE
South Africa
9301",1,1,2022
P0263,MEGAGRACE73 (PTY) LTD,9054598280,2021/748256/07,Private Company,4300306505,,2,28,jcarlo.ramos1733@gmail.com,838594470,,,"61 ROMEO STREET
BEDELIAWELKOM
FREE STATE
South Africa
9459",0,1,2022
P0264,DREAM GIRL INTERNATIONAL (PTY) LTD,9135209261,2021/746818/07,Private Company,,,2,28,ttherbst7@gmail.com,764405837,,,"182 CONSTANTIA ROAD
DAGBREEKWELKOM
FREE STATE
South Africa
9459",0,1,2022
P0265,PINNACLE ORTHOPEDIC SOLUTIONS (PTY) LTD,9213650253,2021/808877/07,Private Company,4920301209,,2,28,Bherbst1@its.jnj.com,843515820,,,"19 RORICH CRESCENT
FOCJARDT PARKBLOEMFONTEIN
FREE STATE
South Africa
9301",0,1,2022
P0266,JACKED EVENTS (PTY) LTD,9056420285,2021/672094/07,Private Company,4310302437,A,2,28,Carlob@themaverickgroup.co.za,,,,"211 LONG STREET
CAPE TOWNCAPE TOWN
WESTERN CAPE
South Africa
8000",1,1,2022
P0268,KINGS CROSS CONSTRUCTION  (PTY) LTD,9444399209,2021/695323/07,Private Company,4740302346,B,2,28,Carlob@themaverickgroup.co.za,834587212,,,"UNIT S14 AND S15 SPEARHEAD BUSINESS PARK
MILNERTON
MONTAGUE DRIVE MONTAGUE GARDENS
CAPE TOWN
WESTERN CAPE
South Africa
7441",1,1,2022
P0269,ELIADES PROPERTY GROUP (PTY) LTD,9301517257,2021/965376/07,Private Company,,,2,28,kyriacos@eliadesgroup.com,828842544,,,"169 JAC VAN RHYN AVENUE
UNIVERSITASBLOEMFONTEIN
FREE STATE
South Africa
9301",1,1,2022
P0270,HESHMO HOLDING (PTY) LTD,9056741284,2021/967857/07,Private Company,,,2,28,raazik.kana@gmail.com,825608670,,,"9 Macbeth Street
VryburgVryburg
North West
South Africa
8600",1,1,2022
P0271,MAMOTH TRADING (PTY) LTD,9325252196,2016/362580/07,Private Company,4820301606,,2,28,motsoanema1@gmail.com,665653913,,,"10123 XALUVA STREET
OPPENHEIMER PARK
PO MOTSE
THABONG
FREE STATE
South Africa
9463",0,1,
P0272,IE CAPITAL INVEST 1 (PTY) LTD,9976813171,2021/991161/07,Private Company,,A,2,28,johnny@ieint.com,836254725,,,"IE Business Center  2nd Floor
Cnr of Buiten Street & StatewayWelkom
Free State
South Africa
9459",1,1,2022
P0273,IE CAPITAL INVEST 2 (PTY) LTD,9058785289,2021/106700/07,Private Company,,A,2,28,johnny@ieint.com,836254725,,,,1,1,2022
P0274,BJTJ ENTERPRISE (PTY) LTD,9032265259,2017/148084/07,Private Company,4010303982,,2,28,herbstbennie7@gmail.com,843515820,,,"109 WAVERLEY ROAD
WAVERLEYBLOEMFONTEIN
FREE STATE
South Africa
9301",0,1,2018
P0275,HAPK INVESTMENT (PTY) LTD,9280055220,2016/356876/07,Private Company,,,2,28,henka2010@yahoo.com,768109635,,,"234 CONSTANTIA ROAD
DAGBREEKWELKOM
FREE STATE
South Africa
9459",1,1,2017
P0276,ELIADES (PTY) LTD,9146585261,2022/244471/07,Private Company,,,2,28,kyriacos@eliadesgroup.com,828842544,,,"169 JAC VAN RHYN AVENUE
UNIVERSITAS BLOEMFONTEIN
FREE STATE
South Africa
9330",1,1,2022
P0278,AGDMC (PTY) LTD,9016914302,2022/250865/07,Private Company,,,2,28,peter@jsengineering.co.za,824470194,,,"49 VAN WYK LOUW DRIVE
PARKRANDBOKSBURG
GAUTENG
South Africa
1459",0,1,
P0279,PDMC INVESTMENTS (PTY) LTD,9123311269,2022/250923/07,Private Company,,,2,28,peter@jsengineering.co.za,824470194,,,"49 VAN WYK LOUW DRIVE
PARKRANDBOKSBURG
GAUTENG
South Africa
1459",1,1,
P0280,GOLDFIELDS LABOUR CONSULTANTS (PTY) LTD,9506126193,2019/201978/07,Private Company,,,2,28,debbiesteyn@hotmail.com,725506641,,,"SUITE 2 FLOOR 3 JABEZ BUILDING
323 STATEWAYWELKOM
FREE STATE
South Africa
9459",1,1,2020
P0281,SPEELMAN SEUNS DOGTERS MOOI PLAAS (PTY) LTD,9857086186,2022/286738/07,Private Company,,,2,28,bongispeelman@gmail.com,662333859,,,"6 DALMEIDA STREET
DAGBREEKWELKOM
FREE STATE
South Africa
9459",1,1,2023
P0282,PAWPARK PROFESSIONAL DOGGY PARLOUR (PTY) LTD,9834975162,2018/481099/07,Private Company,4570289738,,2,28,sanet2212@gmail.com,836686095,,,"3 TOTIUS STREET
LANGENHOVENPARKBLOEMFONTEIN
FREE STATE
South Africa
9301",1,1,2019
P0283,VANTIM (PTY) LTD,9295858246,2022/299192/07,Private Company,,,2,28,tertiusvb@gmail.com,726564905,,,"21 STANDSTED STREET
HIGHVELDCENTURION
GAUTENG
South Africa
157",0,1,
P0284,PAWPARK MOBILE (PTY) LTD,9066566267,2020/236295/07,Private Company,,,2,28,sanet2212@gmail.com,836686095,,,"3 TOTIUS STREET
LANGENHOVENPARKBLOEMFONTEIN
FREE STATE
South Africa
9301",1,1,2021
P0285,BONAKELE ENVIROMENTAL SOLUTIONS (PTY) LTD,9733851167,2017/173784/07,Private Company,,,2,28,bonakeletrading@gmail.com,603743313,,,"4082 Phahamang
MelodingVirginia
FREE STATE
South Africa
9430",1,1,2018
P0286,G AND V (PTY) LTD,9157676264,2022/387433/07,Private Company,4210304889,B,2,28,dino@tictacbets.co.za,828003482,,,"36 MARKET  STREET
VRYBURGVRYBURG
NORTH WEST
South Africa
8601",1,1,2023
P0287,AMIGOS TAKE AWAY (PTY) LTD,9222916265,2022/411121/07,Private Company,,B,2,28,savvas.amigos@gmail.com,832981012,,,"54 BOK STREET
WELKOM CENTRALWELKOM
FREE STATE
South Africa
9459",1,1,2023
P0288,MSP COMPONENTS (PTY) LTD,9224025263,2022/387227/07,Private Company,,,2,28,jonathan@matlec.com,823000867,,,"11 13TH Street
Voorspoed Industrial AreaWelkom
Free State
South Africa
9459",0,1,2023
P0289,SAVVAS INVESTMENTS (PTY) LTD,9110247427,1989/020042/23,Close Corporation,4230117535,A,2,28,savvas.amigos@gmail.com,832981012,,,"45 JIM VOLKS ROAD
JIM FOUCHE PARKWELKOM
FREE STATE
South Africa
9459",1,1,1990
P0290,KHUMO DOCUMENTS SOLUTIONS (PTY) LTD,9575314175,2014/080323/07,Private Company,4740286788,,4,30,charles@khumodoc.co.za,813092462,,,"36 CAPULETS STREET
BEDELIAWELKOM
FREE STATE
South Africa
9459",0,1,
P0291,JAMIE TROSKIE (PTY) LTD,9018340282,2019/174014/07,Private Company,,,2,28,jamie@jamietroskie.co.za,680379941,,,"19 RORICH CRESCENT
FICHARDT PARKBLOEMFONTEIN
FREE STATE
South Africa
9301",0,1,2020
P0292,SOVEREIGN RENOVATIONS (PTY) LTD,9540283208,2022/477951/07,Private Company,,,2,28,duan@sctrading.co.za,825585815,,,"13 LAUREL AVENUE
RIEBEECKSTADRIEBEECKSTAD
FREE STATE
South Africa
9459",0,1,2023
P0293,SPARTANS PROP (PTY) LTD,9997963179,2022/510242/07,Private Company,,,2,28,evan@megadial.com,825248370,,,"36 MARKET STREET
VRYBURGVRYBURG
NORTH WEST
South Africa
8601",1,1,2023
P0295,ROMADOR RENEWABLE ENERGY SOLUTIONS (PTY) LTD,9461725203,2022/511427/07,Private Company,,,2,28,dinok@romador.co.za,828541971,,,"39 Adriana Crescent
Gateway Industrial Park
Rooihuiskraal
Centurion
Gauteng
South Africa
157",1,1,2023
P0298,IE PROPERTIES (PTY) LTD,9811422188,2022/550560/07,Private Company,,,2,28,JOHNNY@IEINT.COM,836254725,,,"IE Business Center  2nd Floor
Cnr of Buiten Street & StatewayWelkom
Free State
South Africa
9459",1,1,2023
P0301,HUNTER'S DIGNITY FUNERAL PARLOUR (PTY) LTD,,2014/074837/07,Private Company,,,2,28,thakanepauline@gmail.com,,,,"GOLFVIEW
86 SHEPPARD STREETMAFIKENG
NORTH WEST
South Africa
2745",1,1,2015
P0302,ELIADES REAL ESTATE  (PTY) LTD,9752591181,2022/647765/07,Private Company,,,2,28,kyriacos@eliadesgroup.com,828842544,,,"169 JAC VAN RHYN AVENUE
UNIVERSITASBLOEMFONTEIN
FREE STATE
South Africa
9301",1,1,2023
P0303,PLASTIC BAZAARS STILFONTEIN (PTY) LTD,9186053261,2020/505291/07,Private Company,4960294082,,2,28,stavrou7@gmail.com,769098901,,,"RUTH FIRST AV
STILFONTEINSTILFONTEIN
NORTH WEST
South Africa
2551",1,1,2021
P0304,LIQUOR LANE (PTY) LTD,9982574171,2021/470322/07,Private Company,4080302112,,2,28,,,,,"SHOP 2 RAUTH FIRST AVENUE
STILFONTEINSTILFONTEIN
NORTH WEST
South Africa
2551",1,1,2022
P0305,E PETROL (PTY) LTD,9898175188,2022/701714/07,Private Company,,,2,28,sharmaine@rightclickmedia.co.za,826890473,,,"2 ROBIN CRESCENT
INFINITY OFFICE PARKMEYERSDAL
GAUTENG
South Africa
1448",0,1,2023
P0308,TERRACE CAFE (PTY) LTD t/a Bird n Co,9265463258,2022/656411/07,Private Company,4350307163,,2,28,xoli@nutrivita.co.za,616547866,,,"MINI FACTORY UNIT 9
2 UMKHOMAZI DRIVE DUBE TRADE ZDUBE TRADE PORT
KWA-ZULU NATAL
South Africa
4409",0,1,2023
P0309,MAPP SA (PTY) LTD,9468849204,2022/756666/07,Private Company,,,2,28,sharmaine@rightclickmedia.co.za,826890473,,,,0,1,2023
P0310,J VAN A INVESTMENTS (PTY) LTD,9141112277,2022/822727/07,Private Company,,,2,28,ledmatlec@gmail.com,823000867,,,"2 De  Beer Street
AlrodeAlberton
Gauteng
South Africa
1451",1,1,2023
P0311,MAVERICK COMPONENTS (PTY) LTD,9146154274,2022/822678/07,Private Company,4240309452,,2,28,Stephan@matlec.com,827019940,,,"2 De Beer Street
AlrodeAlberton
Gauteng
South Africa
1451",1,1,2023
P0313,ITAL PROP (PTY) LTD,9855332186,2022/850439/07,Private Company,,,2,28,gambale@live.co.za,820721411,,,"39A Avenue
Disandt
Fresnaye
Cape Town
Western Cape
South Africa
8005",0,1,2023
P0314,OPEN SKY FILM STUDIOS (PTY) LTD,9794203167,2015/238568/07,Private Company,,,2,28,jdm@openskyfs.co.za,764128180,,,"25 Jasons Way
RiebeeckstadRiebeeckstad
Free State
South Africa
9460",0,1,2016
P0315,IE P INVESTMENT (PTY) LTD,9587109209,2022/730258/07,Private Company,,A,2,28,johnny@ieint.com,836254725,,,"IE Business Center
2nd Floor
Corner of Buiten Street and Stateway
Welkom
Free State
South Africa
9459",0,1,
P0316,AD GROUP DISTRIBUTION (PTY) LTD,9961993152,2016/081648/07,Private Company,,B,2,28,adgroup.distrbution@yahoo.com,,,,,0,1,2017
P0317,SILVERMANOR PROPERTIES (PTY) LTD,9749008174,2018/035877/07,Private Company,,,2,28,adgroup.distrbution@yahoo.com,609605158,,,"ERF 8194
9 KEEROM STREETWELKOM
FREE STATE
South Africa
9459",0,1,
P0318,AD OUTLET SHOP (PTY) LTD,9940853170,2021/973786/07,Private Company,,,2,28,adgroup.distrbution@yahoo.com,609605158,,,,0,1,2022
P0319,KHABOKEDI RECYCLING (PTY) LTD,9566301207,2022/707329/07,Private Company,,,2,28,accounts@khabokedi.co.za,,,,"36 HENNIE ALBERTS
BRACKENHURSTALBERTON
GAUTENG
South Africa
1450",1,1,2023
P0320,SG ELECTRICAL AND SOLAR  (PTY) LTD,9567438206,2023/538575/07,Private Company,,,2,28,malaneh073@gmail.com,825588515,,,"13 LAUREL AVENUE
RIEBEECKSTADRIEBEECKSTAD
FREE STATE
South Africa
9469",0,1,
P0321,NEW ERA HEALTH PHARMACY  (PTY) LTD,9206744246,2020/185813/07,Private Company,,,6,30,Michelle@abcinvestments.co.za,,,,"MSC HOUSE  1 MEDITERRANEAN STREET FORESHORE
CAPE TOWN CITY CENTRECAPE TOWN
WESTERN CAPE
South Africa
8000",1,1,
P0322,MUNGWAP CAFE  (PTY) LTD,9063733241,2017/308910/07,Private Company,4800290860,B,2,28,asavvas@mweb.co.za,827844702,,,"TABLE BAY MALL VIRGIN ACTIVE
SHOP G502 TABLE BAY MALLWEST COAST RD BLAAUWBERG
WESTERN CAPE
South Africa
7441",1,1,2018
P0323,M B GENERAL TRADERS (PTY) LTD,9972383153,2011/101554/07,Private Company,4940276167,,2,28,info@bossa.co.za,,,,"8 Flambeau Street North
CourtraiPaarl
Western Cape
South Africa
7646",0,1,2012
P0324,BOSSA COUNTRY (PTY) LTD,9738251181,2021/676315/07,Private Company,4420297907,B,2,28,accounts@bossa.co.za,,,,"Alexander  III Building
18 Alexander StreetStellenbosch
Western Cape
South Africa
7600",1,1,2022
P0325,WHITEBOARD INVESTMENTS (PTY) LTD,9430957226,2022/809642/07,Private Company,4220308243,B,2,28,info@bossa.co.za,,,,"46 Van Riebeeck RoadKuilsrivier
Western Cape
South Africa
7580",1,1,2023
P0326,SAPIEBRA TRADING (PTY) LTD,9810385170,2019/466121/07,Private Company,4420314256,A,2,28,info@bossa.co.za,,,,"18 Alexander Street
StellenboschStellenbosch
Western Cape
South Africa
7600",1,1,2020
P0327,SAVINGO CONSULTING (PTY) LTD,9538986184,2019/186439/07,Private Company,4720300278,A,2,28,info@bossa.co.za,795219994,,,"4A General Janssens Street
Big BayBloubergstrand
Western Cape
South Africa
7441",1,1,2020
P0328,HYDROLOGIC CONSULTING (PTY) LTD,9681162161,2012/155319/07,Private Company,4750310411,B,2,28,mark.bols@gmail.com,722390974,,,"602 Trafalgar Place
67A Regent Road
Sea Point
Cape Town
Western Cape
South Africa
8005",1,1,2013
P0330,BOSSA HOLDING (PTY) LTD,9577419204,2023/666117/07,Private Company,,,2,28,info@bossa.co.za,827741629,,,"8 Flambeau Street North
CourtraiPaarl
Western Cape
South Africa
7620",1,1,2024
P0331,LA ROMANTICA (PTY) LTD,9281286253,2022/514992/07,Private Company,4570308421,A,2,28,info@bossa.co.za,833574508,,,"Tolweg 10Springbok
Northern Cape
South Africa
8240",1,1,2023
P0332,BOSSA MARKETING (PTY) LTD,9245865242,2020/729488/07,Private Company,4900292147,B,2,28,info@bossa.co.za,733135147,,,"18 Alexandra StreetStellenboch
Western Cape
South Africa
7600",1,1,2021
P0333,JACKSON AND BLACK PAARL (PTY) LTD,9946976173,2022/418496/07,Private Company,,,2,28,info@bossa.co.za,,,,"8 Flambeau Street North
CourtraiPaarl
Western Cape
South Africa
7646",1,1,2023
P0334,REINHARDT HOOGTE (PTY) LTD,9398141227,2023/675974/07,Private Company,,,2,28,pieter@bossa.co.za,827741629,,,"47 Stepping Stones
EversdalDurbanville
Western Cape
South Africa
7550",1,1,2024
P0335,BCNZ HOLDINGS (PTY) LTD,9613079202,2023/678729/07,Private Company,4390314252,B,2,28,accounts@bossa.co.za,833574508,,,"8 FLAMBEAU STREET NORTH
COURTRAIPAARL
WESTERN CAPE
South Africa
7620",1,1,2024
P0336,JACKSON AND BLACK (PTY) LTD,9188588231,2018/273640/07,Private Company,,,2,28,accounts@bossa.co.za,833574508,,,"8 Flambeau Street North
CourtraiPaarl
Western Cape
South Africa
7646",1,1,2019
P0337,BOSSA MODDERFONTEIN (PTY) LTD,9760803180,2023/718337/07,Private Company,4770314245,A,2,28,info@bossa.co.za,833574508,,,"8 Flambeau Street North
CourtraiPaarl
Western Cape
South Africa
7620",1,1,2024
P0338,NOHIN (PTY) LTD,9248242266,2023/765357/07,Private Company,,,2,28,emrannet92@gmail.com,840347228,,,,0,1,2024
P0339,BIG BOSS ASSET HOLDING COMPANY (RF) (PTY) LTD,9140977258,2021/503168/07,Private Company,,,2,28,gerry@bigginvest.co.za,834526423,,,,0,1,
P0341,METEX INVESTMENTS (RF) (PTY) LTD,9158892183,2013/171307/07,Private Company,,,2,28,gerry@bigginvest.co.za,834070327,,,,0,1,
P0342,BIG G TRADING (RF) (PTY) LTD,9187465191,2014/116462/07,Private Company,,,2,28,,834070327,,,,0,1,
P0346,BIG G EMPLOYMENT SERVICES (PTY) LTD,9663281179,2018/010077/07,Private Company,,,2,28,gerry@bigginvest.co.za,,,,,0,1,
P0347,BIG DEAL ASSET HOLDING COMPANY (RF) (PTY) LTD,9468083200,2020/886034/07,Private Company,,,2,28,gerry@bigginvest.co.za,834070327,,,,0,1,
P0348,BIG BOSS GROUP (RF) (PTY) LTD,9340816223,2021/551380/07,Private Company,,,2,28,gerry@bigginvest.co.za,,,,,0,1,
P0349,TIGER ADMINISTRATION (RF) (PTY) LTD,9623021038,2016/183947/07,Private Company,,,2,28,gerry@bigginvest.co.za,834070327,,,,0,1,
P0352,REINHARDT VLAKTE (PTY) LTD,9340663237,2023/754787/07,Private Company,,B,2,28,pieter@bossa.co.za,827741629,,,"47 Stepping Stones
EversdalDurbanville
V
South Africa
7550",1,1,2024
P0353,TURBO TECH PLUMBING (PTY) LTD,9849514162,2017/213043/07,Private Company,,C,2,28,hidroturbo5@gmail.com,834180044,,,"20 San Michell Burchen Street
St HelenaWelkom
Free State
South Africa
9459",1,1,2018
P0354,RITE FIRELIGHTERS (PTY) LTD,9118476184,2012/102942/07,Private Company,4190261315,,2,28,anthony@ritefirelighters.co.za,725877111,,,"39 Adriana Crescent
Gateway Industrial Park
Rooikraal
Centurion
Gauteng
South Africa
157",1,1,2013
P0355,MATJHABENG MOTOR SPARES (PTY) LTD,9294519260,2023/786654/07,Private Company,,,2,28,hidroturbo5@gmail.com,813796879,,,"11  Eike Avenue 
 Jim Fouchepar
Welkom
9459",0,1,2024
P0357,POP INS INVEST (PTY) LTD,9314246258,2023/824496/07,Private Company,,,2,28,asavvas@mweb.co.za,827844702,,,"4A GENERAL JANSSENS ROAD
BIG BAYCAPE TOWN
WESTERN CAPE
South Africa
7441",1,1,2024
P0359,BIG DEAL RESTAURANTS (RF) (PTY) LTD,9068204248,2016/468330/07,Private Company,,,2,28,gerry@bigginvest.co.za,,,,"115 Uys Krige Drive
PlattekloofCape Town
Western Cape
South Africa
7500",0,1,
P0360,MUNGWAP HOLDINGS (PTY) LTD,9165487274,2023/885451/07,Private Company,,,2,28,asavvas@mweb.co.za,827844702,,,"4A General  Janssens Street
Big BayBloubergstrand
Western Cape
South Africa
7441",1,1,2024
P0361,DAVIDOFF ENT (PTY) LTD,9537694201,2023/879503/07,Private Company,,,2,28,mardau69@gmail.com,827844702,,,,0,1,2024
P0362,MUNGWAP 2 (PTY) LTD,9266969253,2023/901988/07,Private Company,,,2,28,vanstademarius@gmail.com,827844702,,,"OUTENIQUA VILLAGE
CORNER N9 AND ST GEORGES ROADGEORGE ERVEN 29620
WESTERN CAPE
South Africa
6529",1,1,2024
P0363,HAPIHOBO (PTY) LTD,9161515276,2023/918380/07,Private Company,,,2,28,info@bossa.co.za,827741629,,,"8 Flambeau Street North
CourtraiPaarl
Western Cape
South Africa
7620",1,1,2024
P0364,JE GAMBLING CORPORATION (PTY) LTD,9835647182,2023/925461/07,Private Company,4930314713,B,2,28,johnny@ieint.com,836254725,,,"IE Business Centre  2nd Floor
Cnr Buiten Street & StatewayWelkom
Free State
South Africa
9459",1,1,2024
P0365,IE PROPERTIES TWO (PTY) LTD,9859533185,2023/934971/07,Private Company,4030314977,A,2,28,johnny@ieint.com,836254725,,,"IE Business Center  2nd Floor
Cnr of Buiten Street and StatewayWelkom
Free State
South Africa
9459",1,1,2024
P0366,MAREE STELLENBOSCH INVESTMENTS (PTY) LTD,9220870274,2023/944197/07,Private Company,,,2,28,accounts@bossa.co.za,833574508,,,"8 FLAMBEAU STREET NORTH
COURTRAIPAARL
WESTERN CAPE
South Africa
7620",0,1,2024
P0367,IE CAPITAL RESTAURANT GROUP (PTY) LTD,9042906306,2023/978758/07,Private Company,,A,2,28,johnny@ieint.com,836254725,,,"IE Business Center  2nd Floor
Cnr of Buiten Street & StatewayWelkom
Free State
South Africa
9459",1,1,2024
P0368,EXPERT FIT AND SOLUTIONS (PTY) LTD,9779869180,2023/093870/07,Private Company,,,2,28,jaenlombard@gmail.com,730835563,,,"36B MARKET STREET
VRYBURGVRYBURG
NORTH WEST
South Africa
8601",0,1,2024
P0369,IE PROPERTIES ONE (PTY) LTD,9092872275,2023/986290/07,Private Company,,,2,28,johnny@ieint.com,836254725,,,"IE Business Center  2nd Floor
Cnr of Buiten Street & StatewayWelkom
Free State
South Africa
9459",1,1,2024
P0370,PAYSHYFT HOLDING (PTY) LTD,9615226207,2023/999056/07,Private Company,,,2,28,gerry@bigginvest.co.za,725192089,,,"115 UYS KRIGE DRIVE
PLATTEKLOOFCAPE TOWN
WESTERN CAPE
South Africa
7500",0,1,2024
P0371,PAYSHYFT SA (PTY) LTD,9171548275,2023/998943/07,Private Company,,,2,28,gerry@bigginvest.co.za,725192089,,,"115 Uys Krige Drive
PlattekloofCape Town
Western Cape
South Africa
7500",0,1,2024
P0372,MUNGWAP PROPERTIES (PTY) LTD,,2023/097345/07,Private Company,,,2,28,asavvas@mweb.co.za,827844702,,,"4A GENERAL JANSSENS STREET
BIG BAYBLOUBERGSTRAND
WESTERN CAPE
South Africa
7441",1,1,2024
P0373,IMTATOUCH (PTY) LTD,9161529251,2020/734269/07,Private Company,4310307071,,2,28,mpho_math@yahoo.com,828541971,,,"526 Elandsdooring
DenniltonDennilton
Limpopo
South Africa
1030",1,1,2021
P0374,ANKOLE 1 (PTY) LTD,9129575271,2023/956051/07,Private Company,,,2,28,sharonleabi@gmail.com,825043635,,,"10A 1 FIRST STREET
INDUSTRIAL AREAWELKOM
FREE STATE
South Africa
9459",0,1,2024
P0375,BIG PAY HOLDING (PTY) LTD,9262055263,2023/163852/07,Private Company,,,2,28,gerry@bigginvest.co.za,834070327,,,"115 Uys Krige Drive
PlattekloofCape Town
Western Cape
South Africa
7500",0,1,2024
P0377,PAYSHYFT (PTY)  LTD,9120732251,2021/488028/07,Private Company,4510298096,,2,28,duane@codenatics.co.za,725192089,,,"115 Uys Krige Drive
PlattekloofCape Town
Western Cape
South Africa
7500",0,1,2022
P0378,PRONTO PROPERTY DEVELOPMENTS (PTY) LTD,9513950221,2023/143712/07,Private Company,,,2,28,evan@megadial.com,828541971,,,"39 Adriana Crescent
Gateway Industrial Park
Rooihuiskraal
Centurion
Gauteng
South Africa
157",1,1,2024
P0379,K2018210203 (SOUTH AFRICA) (PTY) LTD,9077055243,2018/210203/07,Private Company,,,2,28,info@bossa.co.za,833574508,,,"8 Flambeau Street North
CourtraiPaarl
Western Cape
South Africa
7620",0,1,2019
P0380,ZELDEVUE (PTY) LTD,9550728209,2023/195654/07,Private Company,,,2,28,angelscreekgesthouse@gmail.com,823000867,,,"33 Begonia Street
Jim Fouche ParkWelkom
Free State
South Africa
9459",1,1,2024
P0381,KHANYAMOLEMO FOOD OUTLED (PTY) LTD,9877584186,2023/219728/07,Private Company,,,2,28,ambrosessekotlo@gmail.com,836547279,,,"204  Beyers Naude DriveRustenburg
North West
South Africa
299",0,1,2024
P0382,BCNZ PROPERTIES (PTY) LTD,9685209190,2023/230073/07,Private Company,,,2,28,info@bossa.co.za,833574508,,,"8 Flambeau Street North
CourtraiPaarl
Western Cape
South Africa
7646",1,1,2024
P0383,SEKOTLO ASSETS MANAGEMENT (PTY) LTD,,2023/264024/07,Private Company,,,2,28,ambrosessekotlo@gmail.com,836547279,,,"204  Beyers Naude Drive
RustenburgRustenburg
North West
South Africa
299",1,1,
P0384,MUNGWAP 1 (PTY) LTD,9734050199,2023/264005/07,Private Company,,C,2,28,asavvas@mweb.co.za,827844702,,,"4A General  Janssens Street
Big BayBloubergstrand
Western Cape
South Africa",1,1,2024
P0385,TERENX COIN (PTY) LTD,9288673248,2021/705497/07,Private Company,,,2,28,duane@codenatics.co.za,725192089,,,"21 CENTRAL PARK
HERITAGE PARKSOMERSET WEST
Western Cape
South Africa
7130",0,1,2022
P0386,ONYX SOLUTIONS (PTY) LTD,,2024/045179/07,Private Company,,,2,28,chillnet7@gmail.com,826480138,,,"3 TULBACH WOONSTEL
STILFONTEINWEGSTILFONTEIN
NORTH-WEST
South Africa
2520",0,1,
P0387,GG SAFETY NET (PTY) LTD,9968891169,2019/218262/07,Private Company,,,2,28,genevieve.norris74@gmail.com,834447918,,,"17 PETER CRESCENT
WAVERLEYBLOEMFONTEIN
FREE STATE
South Africa
9301",0,1,2020
P0388,SHADES OF BROWN COSMETICS  (PTY) LTD,9365584201,2021/606206/07,Private Company,,,2,28,genevieve.norris74@gmail.com,83447918,,,"17 PETER CRESCENT
WAVERLEYBLOEMFONTEIN
FREE STATE
South Africa
9301",0,1,2022
P0389,SHAMAR PROPERTY DEVELOPMENT (PTY) LTD,9155473243,REG.NO: 2019/19747,Private Company,,,2,28,genevieve.norris74@gmail.com,834447918,,,"17 PETER CRESCENT
WAVERLEYBLOEMFONTEIN
FREE STATE
South Africa
9301",0,1,2020
P0390,HERMES GAMING (PTY) LTD,,2024/056600/07,Private Company,,,2,28,evan@megadial.com,828003482,,,"36 MARKET STREET
VRYBURGVRYBURG
NORTH WEST
South Africa
8601",1,1,2024
P0391,LIBERALLY SUPPLIED 4 (PTY) LTD,9857661186,2024/027119/07,Private Company,,,2,28,mdsfern@icloud.com,762950318,,,"3 ZIRCON STREET
JAN CILLIERS PARKWELKOM
FREE STATE
South Africa
9459",0,1,
P0392,JIRANIS 79 CONSULTING AND ENTERPRISE (PTY) LTD,9719330186,2021/691889/07,Private Company,,,2,28,Mokoena.mable@gmail.com,787002110,,,"NO 12439 G MATSITSA STREET
MOTSE-THABONG LOCATIONWELKOM
FREE STATE
South Africa
9463",0,1,2022
P0394,BOSSA GAUTENG (PTY) LTD,9076255257,2018/210123/07,Private Company,,,2,28,info@bossa.co.za,833574508,,,"8 Flambeau Street
CourtraiPaarl
Western Cape
South Africa
7646",1,1,2019
P0395,COOK A CHEF  (PTY) LTD,9104070280,2024/133295/07,Private Company,,,2,28,adrian@bossa.co.za,825626322,,,"19 Paarlberg Crecsent
DurbanvilleDurbanville
Western Cape
South Africa
7750",1,1,2025
P0396,EVERSON LOGISTICS (PTY) LTD,9101849249,2018/106571/07,Private Company,,,2,28,frans@eversonlogistics.co.za,829266428,,,"10 DIE BADPAD
VAN RIEBEECKSTRANDMELKBOSSTRAND
WESTERN CAPE
South Africa
7441",1,1,2019
P0397,ROCK - HARD (PTY) LTD,9591086187,2017/249459/07,Private Company,,,2,28,,,,,"22 AVONDALE DRIVE
BALLITOBALLITO
KWA-ZULU NATAL
South Africa
4420",0,1,2018
P0398,EVERSON GROUP (PTY) LTD,9204344270,2024/226315/07,Private Company,,,2,28,carina@eversonlogistics.co.za,829266428,,,"10 DIE BADPAD
MELKBOSSTRANDMELKBOSSTRAND
WESTERN CAPE
South Africa
7441",1,1,2025
P0399,EVERSON ENTERPRISES (PTY) LTD,9207308272,2024/225743/07,Private Company,,,2,28,carina@eversonlogistics.co.za,829266428,,,"10 Die Bad PadMelkbosstrand
Western Cape
South Africa
7441",1,1,2025
P0400,COLLECT PAY (PTY) LTD,9186628286,2024/238061/07,Private Company,,,2,28,oceanpotc@gmail.com,662016273,,,"28 HOLTZHAUSEN ROAD
BAILLIE PARKPOTCHEFSTROOM
NORTH WEST
South Africa
2531",1,1,2025
P0401,AAEV (PTY) LTD,,2024/407357/07,Private Company,,,2,28,alex.anthanasiu@gmail.com,785913061,,,"36 Market Street
VryburgVryburg
North West
South Africa
8601",0,1,2025
P0402,EARTHLECTRICAL SOLUTIONS (PTY) LTD,9261759261,2024/392270/07,Private Company,,,2,28,earthlectrical.solutions@gmail.com,718729211,,,"829 Cronstedt Street
Moreleta ParkPretoria
Gauteng
South Africa
44",0,1,2025
P0403,MAGONGOA PROPERTIES (PTY) LTD,9324051250,2023 / 930015 / 07,Private Company,,,2,28,magongoasellom076@gmail.com,730708850,,,"2780 BLOCK L
SHOSHANGUVEPRETORIA
GAUTENG
South Africa
152",0,1,2024
P0404,S M M WEALTH MANAGEMENT (PTY) LTD,9404281223,2023 / 934896 / 07,Private Company,,C,2,28,magongoasellom076@gmail.com,730708850,,,"2780 BLOCK L
SHOSHANGUVEPRETORIA
GAUTENG
South Africa
152",0,1,2024
P0405,S M M INNOVATION (PTY) LTD,9995317188,2023/879925/ 07,Private Company,,C,2,28,magongoasellom076@gmail.com,730708850,,,"2780 BLOCK L
SHOSHANGUVEPRETORIA
GAUTENG
South Africa
152",0,1,2024
P0406,MAGONGOA LOGISTICS AND SUPPLY CHAIN MANAGMENT (PTY) LTD,9548623207,2023/879878/07,Private Company,,,2,28,magongoasellom076@gmail.com,730708850,,,"2780 BLOCK L
SHOSHANGUVEPRETORIA
GAUTENG
South Africa
152",0,1,2024
P0407,KHUMOENTLE PROPERTY (PTY) LTD,9859870181,2024/547609/07,Private Company,,,2,28,charlotte.makhetha@gmail.com,836254725,,,"IE Business Centre 2nd Floor
Cnr of Buiten Street  StatewayWelkom
Free State
South Africa
9459",1,1,2025
P0417,DILLYGENTIA (PTY) LTD,9573888204,2024/492815/07,Private Company,,,12,31,karabomokoena109@gmail.com,694225230,KARABO VENESSA MOKOENA,694225230,"3777 Dr Mngoma Street
Welkom
Free State
9459",0,1,
P0418,HORSE OX (PTY) LTD,9368665197,2019/389842/07,Private Company,,,2,28,donsales@me.com,720223981,DONALD WLADIMIR SALES,720223981,"19 St Claire Court
263 Highlevel Road
Sea Point
Western Cape
8006",0,1,2020
P0419,MATOKE EATERY CT (PTY) LTD,9336451241,2025/123508/07,Private Company,,,2,28,siphom@khabokedi.co.za,079 509 8929,,,"3 Chloor Street
Alrode
Alberton
Gauteng
1451",1,1,2025
P0420,JP PERFORMANCE AND SERVICES (PTY) LTD,9359607224,2023/122881/07,Private Company,,,2,28,,,,,"46 Jacaranda Street
Fochville
Gauteng
2515",0,1,2024
PLC0001,BIZARMOUR INC.,9529809171,2015/380122/21,Incoporation,,,6,30,ronel@bizarmour.co.za,798843207,,,,1,1,
PLC0002,RAEESA OMAR INC,9337676192,2018/609708/21,Incoporation,,,2,28,henniep@newerahealth.co.za,,,,"MSC HOUSE 1 MEDITERRANEAN STREET
FORESHORECAPE TOWN
WESTERN CAPE
South Africa
8001",1,1,2019
SH0015,THE DELA MAPOSTOLO TRUST,,IT 3354/09,Trust,,,2,28,leratom@khabokdedi.co.za,795098929,,,"3 Chloor Street
AlrodeAlberton
Gauteng
South Africa
1451",1,1,
SH0037,RUZEWA TRUST,,IT:838/04,Trust,,,2,28,sanet.muller21@gmail.com,,,,,0,1,
SH0071,MICON GROUP (PTY) LTD - RESIGNED,,2015/279402/07,Private Company,,,2,28,admin@micongroup.co.za,,,,"42 FUSCHIA CRESCENT
JIM FOUCHPARKWELKOM
FREE STATE
South Africa
9459",0,1,
SH0096,JACOBS SITHOLE VENTURES (PTY) LTD,,2015/205639/07,Private Company,,,2,28,mosesksithole@gmail.com,665443330,,,"118 Kock StreetRusntenburg
North West
South Africa
299",0,1,
SH0131,SHAGGIN WAGONS (PTY) LTD,,2015/153770/07,Private Company,,,2,28,jaydeb@mavericktelecom.co.za,083-298-1777,,,"8 VIRGINA AVENUE
CAPE TOWNVREDEHOEK
WESTERN CAPE
South Africa
8001",0,1,2016
SH0135,HAMBURG TRUST,,IT1785/2006,Trust,,,2,28,,,,,,0,1,
SH0149,THE BILTONG VILLAGE TRUST,,IT147/05,Trust,,,2,28,herbstbennie7@gmail.com,843515820,,,"19 RORICH CRESCENT
FICHARDT PARKBLOEMFONTEIN
FREE STATE
South Africa
9459",0,1,
SH0173,LUVUYOLWETHU CONSULT (PTY) LTD,9764416187,2022/321658/07,Private Company,,,2,28,,,,,"67 ROCKY VIEW
WINDSURF ROADWELTEVREDEN PARK
GAUTENG
South Africa
2008",0,1,
SH0278,THE CHELSEA MOUSE FAMILY TRUST,,IT001164/2024(C),Trust,,,2,28,mark@farrelly.co.za,834124000,,,"16 Brownlow Road
TamboerskloofCape Town
Western Cape
South Africa
8001",0,1,
SHD0020,THE DACHALECOLE TRUST,,IT4002/2005,Trust,,,2,28,asavvas@mweb.co.za,827844702,,,,0,1,
T0001,ELIADES - KALORIZAS FAMILY TRUST,788439156,IT 681/07,Private Company,,,2,28,johnny@ieint.com,836254725,,,"4 Kok Street
St HelenaWelkom
Free State
South Africa
9459",1,1,
T0003,ELIADES BUSINESS TRUST,732097142,IT 2189/99,Trust,4840188389,,2,28,kyriacos@eliadesgroup.com,828842544,,,,1,1,
T0004,NICORSIA TRUST,232659144,IT 592/02,Trust,,,2,28,kyriacos@eliadesgroup.com,828842544,,,"169 JAC VAN RHYN AVENUE
UNIVERSITASBLOEMFONTEIN
FREE STATE
South Africa
9301",1,1,
T0005,RENO ENTERTAINMENT TRUST,702232141,IT 1575/2000,Trust,,,2,28,kyriacos@eliadesgroup.com,828842544,,,,1,1,
T0006,ELIADES FAMILY TRUST,614493153,IT1684/06,Trust,,,2,28,kyriacos@eliadesgroup.com,828842544,,,,1,1,
T0007,E & M TRUST,,IT1505/01,Trust,,,2,28,kyriacos@eliadesgroup.com,828842544,,,,0,1,
T00085,PIETRO BRUNO FAMILY TRUST,469518146,IT 291/02,Trust,,,2,28,jaxon@yebo.co.za,,,,,1,1,
T0009,RENOS TRUST,249392143,IT903/01,Trust,,,2,28,idalina@eliadesgroup.com,828842544,,,,1,1,
T0010,ALVERENO TRUST DE REGISTERED,464896158,IT 1204/07,Private Company,,,2,28,kyriacos@eliadesgroup.com,828842544,,,,0,1,
T0011,RENOS FAMILY TRUST,265146407,IT 1683/99,Trust,,,2,28,kyriacos@eliadesgroup.com,828842544,,,,1,1,
T0013,ANGEL TRUST,,IT11604/05,Trust,,,2,28,oceanpotc@gmail.com,,,,,1,1,
T0014,SOPHIA VRYSOULIS GOUDIS FAMILY TRUST,2919169173,IT130/2015,Trust,,,2,28,admin@vryburg.diydepot.co.za,725542155,,,"12 Brown Street
VryburgVryburg
North West
South Africa
8601",1,1,
T0015,YOANNIS  FAMILY TRUST,702334160,IT 666/2010,Trust,,,2,28,oceanpotc@gmail.com,742107060,,,,1,1,
T0019,CM XUMA FAMILY TRUST,402608186,IT291/2011,Trust,4070259306,,2,28,martinxuma@icloud.com,734058744,,,,1,1,
T0021,MAVERICK TRUST,290453232,IT 2056/2010,Trust,,B,2,28,accounts@mavericktelecom.co.za,832227175,,,,1,1,
T0023,THE FRANCO STEFANO BRUNO FAMILY TRUST,3355055165,IT1091/12,Trust,,,2,28,francob@themaverickgroup.co.za,11,,,,1,1,
T0025,THE GIANCARLO BRUNO FAMILY TRUST,2680360167,IT1000/12,Trust,,B,2,28,accounts@mavericktelecom.co.za,832227175,,,,1,1,
T0026,THE PAUL PAPADOPOULOS ESTATE TRUST,248688293,IT001175/2013,Trust,,,2,28,ovmari@gmail.com,,,,,1,1,
T0027,FUTURE YOU SCHOLARSHIP TRUST 2,,IT506/13,Trust,,,2,28,finance@etconsult.co.za,842092331,,,,0,1,
T0028,FUTURE YOU SCHOLARSHIP TRUST 1,,IT 507/13,Trust,,,2,28,finance@etconsult.co.za,842092331,,,,0,1,
T0029,OUR EARTH TRUST,,IT508/13,Trust,,,2,28,finance@etconsult.co.za,842092331,,,,0,1,
T0030,THE GOOD SAMARITAN TRUST,,IT 879/13,Trust,,,2,28,finance@etconsult.co.za,842092331,,,,0,1,
T0031,RAMOS TRUST,79740338,IT 826/13,Trust,,,2,28,luckyboy.ramos@gmail.com,824810925,,,,1,1,
T0032,IOANNIS ELIADES FAMILTY TRUST,,IT 1249/2000,Trust,,A,2,28,johnny@ieint.com,836254725,,,,1,1,
T0033,FRANCO BRUNO FAMILY TRUST,,IT020696/2014,Trust,,,2,28,francob@themaverickgroup.co.za,,,,,1,1,
T0036,C.A.M. FAMILY TRUST,,IT020341/2014,Trust,,,2,28,lsalvado@outlook.com,F083 728 0719,,,,0,1,
T0037,IHBSD FAMILY TRUST (HOLMES FAMILY TRUST),,IT2416/01,Trust,,,2,28,ian@revivalproducts.co.za,834693543,,,,0,1,
T0039,DAN TRUST,,IT000643/2016(B),Trust,,,2,28,asavvas@mweb.co.za,827844702,,,,1,1,
T0041,VAN ALPHEN FAMILY TRUST,3124024179,IT252/2016(B),Trust,,,2,28,oddete@matlec.com,823000867,,,"28 Van Bruggen Street
Jan Cilliers ParkWelkom
Free State
South Africa
9459",1,1,
T0042,KEMIC FAMILY TRUST,,IT 000961/2016 (B),Trust,,,2,28,loismotors@gmail.com,,,,,0,1,
T0043,ITHEMBA TRUST,,IT000138/2017(B),Trust,,,2,28,oddete@matlec.com,823000867,,,"No 50 Beare StreetKuruman
Northern Cape
South Africa
8460",1,1,
T0044,VAN ALPHEN PROPERTY TRUST,1475571186,IT001005/2016(B),Trust,4750281786,,2,28,oddete@matlec.com,823000867,,,"28 Van Bruggen Street
Jan Cilliers ParkWelkom
Free State
South Africa
9459",1,1,
T0045,CLAUDIO CRISMANN TRUST,,IT000591/2017(B),Trust,,,2,28,87otlto@gmail.com,,,,,1,1,
T0046,CRISMANN FAMILY TRUST,,IT000599/2017(B),Trust,,,2,28,sharmaine@rightclickmedia.co.za,760607162,,,,1,1,
T0047,ESSON TRUST,,IT000618/2017(B),Trust,,,2,28,Vaughan.esson@gmail.com,722844686,,,"14 Lill Bester Street
Brackenhurst Ext 1Alberton
Gauteng
South Africa
1448",0,1,
T0048,J. BARNARD TRUST,,IT000576/2017(B),Trust,,,2,28,janine@rightclickmedia.co.za,,,,,1,1,
T0049,ANGELIDES FAMILY TRUST,,IT000079/2017(B),Trust,,,2,28,oceanpotc@gmail.com,,,,,1,1,
T0050,FRANCO AND RENE BRUNO ASSET TRUST,,IT 000199/2017(B),Trust,,,2,28,francob@thehizonegroup.co.za,0834587212FRANC,,,,1,1,
T0051,W.I.L.K.A TRUST,1591287188,IT000137/2017(B),Trust,,,2,28,ledmatlec@gmail.com,741339540,,,"14 Heide Avenue
Jim Fouche parkWelkom
Free State
South Africa
9459",1,1,
T0052,RUDI PELSER FAMILIE TRUST,,IT000198/2017(B),Trust,,,2,28,orconstruction@hotmail.com,0725770854Brend,,,,1,1,
T0054,SHARON GUILFORD TRUST,,IT000617/2017(B),Trust,,,2,28,sharon.guilford@rightclickmedia.co.za,,,,,1,1,
T0055,GREGORINI FAMILY TRUST,1721984183,IT000483/2017(B),Trust,,,2,28,fulvio@playbet.co.za,,,,,1,1,
T0056,BALKAN HOLDINGS TRUST,,IT000441/2017(B),Trust,,,2,28,vvv@playbet.co.za,824656233,,,,1,1,
T0057,KARIM FAMILY TRUST RESIGNED,,IT492/2017(B),Trust,,,2,28,nadim@playbet.co.za,631279167,,,,1,1,
T0058,BEATUS FAMILIA TRUST,3776897179,IT000428/2015N,Trust,,,2,28,finance@etconsult.co.za,842092331,,,,1,1,
T0059,EMPOWERMENT TRADING TRUST,,IT000427/2015(N),Trust,,,2,28,finance@etconsult.co.za,842092331,,,,1,1,
T0060,DARRYL RAHME FAMILY TRUST,1941954172,IT000434(B),Trust,,,2,28,darryl@innovate360.co.za,823779331,,,,0,1,
T0061,STAVROU FAMILY TRUST,,IT000507/2017(B),Trust,,,2,28,stilfontein@okstilf.com,823085354,,,,1,1,
T0062,RdJ TRUST,,IT000001/2018(B),Trust,,,2,28,ronel@bizarmour.co.za,798843207,,,"12 Middle Road
MorningsideSandton
Gauteng
South Africa
2196",1,1,
T0063,PETRO TRUST,,IT000149/2018(B),Trust,,,2,28,ronel@bizarmour.co.za,798843207,,,"28 Chesham Road
BryanstonBryanston
Gauteng
South Africa
2191",1,1,
T0064,R & D TRUST,3592359172,IT000148/2018(B),Trust,,,2,28,ronel@bizarmour.co.za,798843207,,,"12 Middle Road
MorningsideSandton
Gauteng
South Africa
2090",1,1,
T0065,PAMU TRUST RESIGNED,,IT000154/2018(B),Trust,,,2,28,paballo@pabalaconsulting.com,736912331,,,,0,1,
T0068,HILLSIDE FAMILY TRUST,1081685255,IT000012/2019(B),Trust,,,2,28,dinok@romador.co.za,828541971,,,"766 Curlewis  Street
Moreleta ParkPretoria
Gauteng
South Africa
44",1,1,
T0069,CLC MAKHETHA FAMILY TRUST,,IT000011/2019(B),Trust,,,2,28,charlotte.makhetha@gmail.com,789608334,,,"271 Long Road
BedeliaWelkom
Free State
South Africa
9459",1,1,
T0070,ETHANDI TRUST,3030920171,IT000013/2019(B),Trust,,,2,28,evan@megadial.com,828003482,,,"10 Brown Street
VryburgVryburg
North West
South Africa
8601",1,1,
T0071,ELIZABETH NCUBE FAMILY TRUST,,IT 000856/2018 (B),Trust,,,2,28,,835178894,,,"277 Koppie Alleen Road
ReitzparkWelkom
Free State
South Africa
9459",0,1,
T0072,TETHYS TRUST,2519916189,IT 000844/2018(B),Trust,,,2,28,ariva@yebo.co.za,832844811,,,,1,1,
T0073,RED BRIJ TRUST,,IT000010/2019(B),Trust,,,2,28,ronel@bizarmour.co.za,829321427,,,,1,1,
T0074,EVANGELOS VRYSOULIS FAMILY TRUST,235585163,IT3791/06,Trust,4200249268,B,2,28,vanzyl.melaniea@gmail.com,828003482,,,"10 BROWN STREET
VRYBURGVRYBURG
NORTH WEST
South Africa
8601",1,1,
T0075,MOODLEY FAMILY TRUST,,IT000844/2019(B),Trust,,,2,28,ariva@yebo.co.za,836587324,,,,1,1,
T0076,KONSTANTINOS GIULEAS FAMILY TRUST,,IT000683/2019(B),Trust,,,2,28,maria@ieint.com,607834328,,,,1,1,
T0077,TUKULA TRUST,,IT000585/2019(B),Trust,,,2,28,johannfourie81@gmail.com,728559743,,,,1,1,
T0080,JOHNNY ELIADES FAMILY TRUST,1857793184,IT000848/2019(B),Trust,,,2,28,johnny@ieint.com,836254735,,,,1,1,
T0081,PC FAMILY TRUST,383533270,IT000025/2020(B),Trust,,,2,28,peter@jsengineering.co.za,832601585,,,,1,1,
T0082,CARLO RAMOS FAMILY TRUST,2669162188,IT000771/2020(B),Trust,,,2,28,jcarlo.ramos1733@gmail.com,838594470,,,,1,1,
T0083,KAMENOS TRUST FUND,,IT:000017/2021(B),Trust,,,2,28,athoskamenos@gmail.com,823383368,,,,1,1,
T0084,ARCAS TRUST,,IT000434/2022(B),Trust,,,2,28,bmagdalinos@gmail.com,824512602,,,"87 HOLZGEN STREET BRACKENHURST
BRACKENHURSTALBERTON
GAUTENG
South Africa
1448",1,1,
T0086,FRANCO BRUNO FAMILY TRUST,100027424,IT1724/90,Trust,,,2,28,ariva@yebo.co.za,,,,,1,1,
T0088,SAVVAS FAMILY TRUST,,IT000843/2022(B),Trust,,,2,28,savvas.amigos@gmail.com,832981012,,,"45 JIM VOLKS ROAD
JIM FOUCHE PARKWELKOM
FREE STATE
South Africa
9459",1,1,
T0089,SPEELMAN FAMILY TRUST,,IT000755/2022(B),Trust,,,2,28,bongispeelman@gmail.com,810108082,,,"6 DALMEIDA STREET
DAGBREEKWELKOM
FREE STATE
South Africa
9459",1,1,
T0090,GAMBALE FAMILY TRUST,2042132197,IT000043/2023(B),Trust,,,2,28,gambale@live.co.za,820721411,,,"39A Avenue Disandt
FresnayeCape Town
Western Cape
South Africa
8005",1,1,
T0091,TSHEGOFATSO TRUST,,IT000858/2022(B),Trust,,,2,28,angel_pelo@live.co.za,,,,,1,1,
T0093,STOLTZ FAMILY TRUST,,IT020096/2014,Trust,,,2,28,,825585815,,,"13 LAUREL AVENUE  RIEBEECKSTAD
RIEBEECKSTADRIEBEECKSTAD
FREE STATE
South Africa
9469",1,1,
T0094,MIDAS HOLDINGS TRUST,,IT000467/2024(B),Trust,,,2,28,george@jsengineering.co.za,834545311,,,"6 Parrot Close
Greenstone HillEdenvale
Gauteng
South Africa
1609",1,1,
T0095,SAVVAS FAMILY TRUST (Cape Town),,IT000097/2023(C)),Trust,,,2,28,ss.savva@gmail.com,,,,"4A General Janssens Street
Big BayBlouberstrand
Western Cape
South Africa
7441",1,1,
T0096,PIETER VAN DER WESTHUIZEN TRUST,,IT497/2002,Trust,,,2,28,pieter@bossa.co.za,827741629,,,"47 Stepping Stones
EversdalDurbanville
Western Cape
South Africa
7550",1,1,
T0097,THE KHANYAMOLEMO INVESTMENTS TRUST,,IT6022/06,Trust,,,2,28,ambrosessekotlo@gmail.com,836547279,,,"NO 5 CORRIELOCH PLACE WIGWAM
BRIGADOON GOLF ESTATERUSTENBURG
NORTH WEST
South Africa
299",1,1,
T0098,THE J & M TRUST,,IT4468/2013,Trust,,,2,28,gerry@bigginvest.co.za,834070327,,,,1,1,
T0099,PARADIE  TRUST,,IT35/2013,Trust,,,2,28,gerry@bigginvest.co.za,834070327,,,,1,1,
T0100,MILLA VAN DER WESTHUIZEN TRUST,,IT2183/2007,Private Company,,,2,28,mielliepitt@gmail.com,827741629,,,,1,1,
T0101,SWART FAMILY TRUST,1057751248,IT000072/2023(C),Trust,,,2,28,info@bossa.co.za,833574508,,,"8 Flambeau Street North
CourtraiPaarl
Western Cape
South Africa
7646",1,1,
T0102,DIE ANNICO TRUST,510704141,IT337/1997,Trust,,,2,28,accounts@bossa.co.za,833574508,,,,1,1,
T0103,KHANYAMOLEMO TRUST,,IT001480/2020(T),Trust,,,2,28,ambrosessekotlo@gmail.com,836547279,,,"NO 5 CORRIELOCH PLACE WIGWAM
BRIGADOON GOLF ESTATERUSTENBURG
NORTH WEST
South Africa
299",1,1,
T0104,MORASCHA TRUST,40513335,IT692/2008,Trust,,,2,28,georgia@gngprop.co.za,834447918,,,"17 PETER CRESCENT
WAVERLEYBLOEMFONTEIN
FREE STATE
South Africa
9301",1,1,
T0105,BIG G TRUST,,IT000033/2024(B)),Trust,,,2,28,gerry@bigginvest.co.za,834070327,,,"22 Heerenzicht Estate
Vygeboom AvenueDurbanville
Western Cape
South Africa
7550",1,1,
T0106,EVERSON TRUST,,IT001952/2023(C),Trust,,,2,28,carina@eversonlogistics.co.za,829266428,,,"10 DIE BADPAD
VAN RIEBEECKSTRANDMELKBOSSTRAND
WESTERN CAPE
South Africa
7441",1,1,
T0107,NIKLIKI TRUST,,IT000656/2022,Trust,,,2,28,marina@intcollection.co.za,824464906,,,,1,1,
T0111,RUTENBERG FAMILY TRUST,1295511248,IT63/91,Trust,,,2,28,phillip@dredgeadrain.co.za,082 551 7585,,,"165 Mount Pellan Drive
Glenvista
Johannesburg
Gauteng
2091",1,1,
